name,category,price,image_url,description
慕思乳胶床垫,家居生活,488,https://images.unsplash.com/photo-1441986300917-64674bd600d8,品质卓越，性能出色，深受用户喜爱，是您的理想选择！
兰蔻小黑瓶精华肌底液,美妆护肤,1200,https://images.unsplash.com/photo-1484704849700-f032a568e944,新品上市，限时优惠，正品保障，假一赔十，快来抢购！
德芙巧克力礼盒装,食品饮料,441,https://images.unsplash.com/photo-1505740420928-5e560c06d30e,品质卓越，性能出色，深受用户喜爱，是您的理想选择！
苏泊尔电压力锅,家居生活,2546,https://images.unsplash.com/photo-1441986300917-64674bd600d8,正品行货，原厂直销，质量上乘，性价比高！
百丽女靴秋冬款,服饰鞋包,1045,https://images.unsplash.com/photo-1523275335684-37898b6baf30,热销爆款，好评如潮，品质保证，值得信赖！
李宁羽毛球拍单拍,运动户外,1082,https://images.unsplash.com/photo-1484704849700-f032a568e944,新品上市，限时优惠，正品保障，假一赔十，快来抢购！
九阳豆浆机家用,家居生活,200,https://images.unsplash.com/photo-1505740420928-5e560c06d30e,品质卓越，性能出色，深受用户喜爱，是您的理想选择！
百丽女靴秋冬款,服饰鞋包,1051,https://images.unsplash.com/photo-1441986300917-64674bd600d8,精选优质材料，精细工艺，匠心打造，品质生活之选！
明朝那些事儿当年明月,图书文具,365,https://images.unsplash.com/photo-1484704849700-f032a568e944,品质卓越，性能出色，深受用户喜爱，是您的理想选择！
明朝那些事儿当年明月,图书文具,3488,https://images.unsplash.com/photo-1441986300917-64674bd600d8,精选优质材料，精细工艺，匠心打造，品质生活之选！
iPad Pro 12.9英寸 M4芯片,数码产品,5358,https://images.unsplash.com/photo-1523275335684-37898b6baf30,热销爆款，好评如潮，品质保证，值得信赖！
OLAY小白瓶精华液,美妆护肤,1599,https://images.unsplash.com/photo-1485968579168-82ca61346455,新品上市，限时优惠，正品保障，假一赔十，快来抢购！
植村秀琥珀卸妆油,美妆护肤,1896,https://images.unsplash.com/photo-1523275335684-37898b6baf30,新品上市，限时优惠，正品保障，假一赔十，快来抢购！
苏泊尔电压力锅,家居生活,843,https://images.unsplash.com/photo-1441986300917-64674bd600d8,新品上市，限时优惠，正品保障，假一赔十，快来抢购！
kindle Paperwhite电子书,图书文具,4263,https://images.unsplash.com/photo-1523275335684-37898b6baf30,新品上市，限时优惠，正品保障，假一赔十，快来抢购！
安踏KT7篮球鞋,服饰鞋包,2974,https://images.unsplash.com/photo-1505740420928-5e560c06d30e,热销爆款，好评如潮，品质保证，值得信赖！
牧高笛帐篷户外露营,运动户外,1074,https://images.unsplash.com/photo-1484704849700-f032a568e944,正品行货，原厂直销，质量上乘，性价比高！
斯伯丁篮球NBA系列,运动户外,1732,https://images.unsplash.com/photo-1485968579168-82ca61346455,新品上市，限时优惠，正品保障，假一赔十，快来抢购！
奥利奥饼干巧克力味,食品饮料,652,https://images.unsplash.com/photo-1485968579168-82ca61346455,热销爆款，好评如潮，品质保证，值得信赖！
海蓝之谜精华面霜,美妆护肤,107,https://images.unsplash.com/photo-1484704849700-f032a568e944,正品行货，原厂直销，质量上乘，性价比高！
美赞臣蓝臻奶粉3段,母婴用品,360,https://images.unsplash.com/photo-1484704849700-f032a568e944,新品上市，限时优惠，正品保障，假一赔十，快来抢购！
海蓝之谜精华面霜,美妆护肤,1581,https://images.unsplash.com/photo-1505740420928-5e560c06d30e,正品行货，原厂直销，质量上乘，性价比高！
可优比婴儿床围栏,母婴用品,634,https://images.unsplash.com/photo-1505740420928-5e560c06d30e,正品行货，原厂直销，质量上乘，性价比高！
耐克Air Jordan 1芝加哥限定,服饰鞋包,386,https://images.unsplash.com/photo-1441986300917-64674bd600d8,品质卓越，性能出色，深受用户喜爱，是您的理想选择！
速比涛游泳装备全套,运动户外,1032,https://images.unsplash.com/photo-1485968579168-82ca61346455,正品行货，原厂直销，质量上乘，性价比高！
良品铺子猪肉脯,食品饮料,116,https://images.unsplash.com/photo-1441986300917-64674bd600d8,精选优质材料，精细工艺，匠心打造，品质生活之选！
美赞臣蓝臻奶粉3段,母婴用品,134,https://images.unsplash.com/photo-1505740420928-5e560c06d30e,正品行货，原厂直销，质量上乘，性价比高！
美赞臣蓝臻奶粉2段,母婴用品,134,https://images.unsplash.com/photo-1485968579168-82ca61346455,热销爆款，好评如潮，品质保证，值得信赖！
三只松鼠每日坚果,食品饮料,298,https://images.unsplash.com/photo-1505740420928-5e560c06d30e,品质卓越，性能出色，深受用户喜爱，是您的理想选择！
良品铺子猪肉脯,食品饮料,594,https://images.unsplash.com/photo-1484704849700-f032a568e944,正品行货，原厂直销，质量上乘，性价比高！
任天堂Switch OLED版,数码产品,1104,https://images.unsplash.com/photo-1523275335684-37898b6baf30,正品行货，原厂直销，质量上乘，性价比高！
美赞臣蓝臻奶粉3段,母婴用品,160,https://images.unsplash.com/photo-1441986300917-64674bd600d8,新品上市，限时优惠，正品保障，假一赔十，快来抢购！
良品铺子猪肉脯,食品饮料,525,https://images.unsplash.com/photo-1505740420928-5e560c06d30e,正品行货，原厂直销，质量上乘，性价比高！
植村秀琥珀卸妆油,美妆护肤,1662,https://images.unsplash.com/photo-1484704849700-f032a568e944,品质卓越，性能出色，深受用户喜爱，是您的理想选择！
植村秀琥珀卸妆油,美妆护肤,182,https://images.unsplash.com/photo-1485968579168-82ca61346455,正品行货，原厂直销，质量上乘，性价比高！
苹果iPhone 15 Pro Max 256GB 深空黑,数码产品,4952,https://images.unsplash.com/photo-1484704849700-f032a568e944,正品行货，原厂直销，质量上乘，性价比高！
奥利奥饼干巧克力味,食品饮料,194,https://images.unsplash.com/photo-1484704849700-f032a568e944,正品行货，原厂直销，质量上乘，性价比高！
MacBook Pro 14英寸,数码产品,6937,https://images.unsplash.com/photo-1485968579168-82ca61346455,新品上市，限时优惠，正品保障，假一赔十，快来抢购！
全棉时代婴儿棉柔巾,母婴用品,139,https://images.unsplash.com/photo-1484704849700-f032a568e944,品质卓越，性能出色，深受用户喜爱，是您的理想选择！
耐克Air Jordan 1芝加哥限定,服饰鞋包,712,https://images.unsplash.com/photo-1505740420928-5e560c06d30e,品质卓越，性能出色，深受用户喜爱，是您的理想选择！
好奇铂金装纸尿裤,母婴用品,105,https://images.unsplash.com/photo-1484704849700-f032a568e944,热销爆款，好评如潮，品质保证，值得信赖！
苏泊尔电压力锅,家居生活,2192,https://images.unsplash.com/photo-1485968579168-82ca61346455,新品上市，限时优惠，正品保障，假一赔十，快来抢购！
星巴克咖啡豆中度烘焙,食品饮料,598,https://images.unsplash.com/photo-1485968579168-82ca61346455,热销爆款，好评如潮，品质保证，值得信赖！
全棉时代婴儿棉柔巾,母婴用品,704,https://images.unsplash.com/photo-1485968579168-82ca61346455,品质卓越，性能出色，深受用户喜爱，是您的理想选择！
德芙巧克力礼盒装,食品饮料,600,https://images.unsplash.com/photo-1523275335684-37898b6baf30,新品上市，限时优惠，正品保障，假一赔十，快来抢购！
美赞臣蓝臻奶粉3段,母婴用品,636,https://images.unsplash.com/photo-1484704849700-f032a568e944,新品上市，限时优惠，正品保障，假一赔十，快来抢购！
戴森V15吸尘器,家居生活,2274,https://images.unsplash.com/photo-1505740420928-5e560c06d30e,品质卓越，性能出色，深受用户喜爱，是您的理想选择！
迪卡侬瑜伽垫防滑健身垫,运动户外,757,https://images.unsplash.com/photo-1441986300917-64674bd600d8,精选优质材料，精细工艺，匠心打造，品质生活之选！
苹果iPhone 15 Pro Max 256GB 深空黑,数码产品,7722,https://images.unsplash.com/photo-1505740420928-5e560c06d30e,热销爆款，好评如潮，品质保证，值得信赖！
韩都衣舍连衣裙,服饰鞋包,1673,https://images.unsplash.com/photo-1441986300917-64674bd600d8,热销爆款，好评如潮，品质保证，值得信赖！
索尼WH-1000XM5降噪耳机,数码产品,6901,https://images.unsplash.com/photo-1485968579168-82ca61346455,精选优质材料，精细工艺，匠心打造，品质生活之选！
费雪学步车玩具,母婴用品,63,https://images.unsplash.com/photo-1505740420928-5e560c06d30e,正品行货，原厂直销，质量上乘，性价比高！
任天堂Switch OLED版,数码产品,5499,https://images.unsplash.com/photo-1523275335684-37898b6baf30,正品行货，原厂直销，质量上乘，性价比高！
好奇铂金装纸尿裤,母婴用品,749,https://images.unsplash.com/photo-1484704849700-f032a568e944,正品行货，原厂直销，质量上乘，性价比高！
Coach蔻驰单肩斜挎包,服饰鞋包,1606,https://images.unsplash.com/photo-1484704849700-f032a568e944,热销爆款，好评如潮，品质保证，值得信赖！
戴森V15吸尘器,家居生活,1059,https://images.unsplash.com/photo-1441986300917-64674bd600d8,新品上市，限时优惠，正品保障，假一赔十，快来抢购！
安踏KT7篮球鞋,服饰鞋包,287,https://images.unsplash.com/photo-1441986300917-64674bd600d8,精选优质材料，精细工艺，匠心打造，品质生活之选！
得力文件资料册A4,图书文具,3115,https://images.unsplash.com/photo-1523275335684-37898b6baf30,正品行货，原厂直销，质量上乘，性价比高！
可口可乐330ml*24罐,食品饮料,41,https://images.unsplash.com/photo-1484704849700-f032a568e944,品质卓越，性能出色，深受用户喜爱，是您的理想选择！
骆驼登山鞋户外鞋,运动户外,1253,https://images.unsplash.com/photo-1484704849700-f032a568e944,热销爆款，好评如潮，品质保证，值得信赖！
优衣库UNIQLO羽绒服,服饰鞋包,1209,https://images.unsplash.com/photo-1485968579168-82ca61346455,热销爆款，好评如潮，品质保证，值得信赖！
全棉时代婴儿棉柔巾,母婴用品,221,https://images.unsplash.com/photo-1523275335684-37898b6baf30,正品行货，原厂直销，质量上乘，性价比高！
Keep健身器械家用,运动户外,854,https://images.unsplash.com/photo-1484704849700-f032a568e944,热销爆款，好评如潮，品质保证，值得信赖！
香奈儿N°5淡香水,美妆护肤,403,https://images.unsplash.com/photo-1484704849700-f032a568e944,品质卓越，性能出色，深受用户喜爱，是您的理想选择！
旺旺大礼包,食品饮料,675,https://images.unsplash.com/photo-1441986300917-64674bd600d8,品质卓越，性能出色，深受用户喜爱，是您的理想选择！
农夫山泉矿泉水24瓶,食品饮料,403,https://images.unsplash.com/photo-1485968579168-82ca61346455,品质卓越，性能出色，深受用户喜爱，是您的理想选择！
迪卡侬瑜伽垫防滑健身垫,运动户外,215,https://images.unsplash.com/photo-1505740420928-5e560c06d30e,新品上市，限时优惠，正品保障，假一赔十，快来抢购！
资生堂红腰子精华,美妆护肤,1327,https://images.unsplash.com/photo-1523275335684-37898b6baf30,品质卓越，性能出色，深受用户喜爱，是您的理想选择！
速比涛游泳装备全套,运动户外,1114,https://images.unsplash.com/photo-1485968579168-82ca61346455,精选优质材料，精细工艺，匠心打造，品质生活之选！
好奇铂金装纸尿裤,母婴用品,737,https://images.unsplash.com/photo-1484704849700-f032a568e944,新品上市，限时优惠，正品保障，假一赔十，快来抢购！
科沃斯擦窗机器人,家居生活,2797,https://images.unsplash.com/photo-1484704849700-f032a568e944,品质卓越，性能出色，深受用户喜爱，是您的理想选择！
良品铺子猪肉脯,食品饮料,234,https://images.unsplash.com/photo-1505740420928-5e560c06d30e,品质卓越，性能出色，深受用户喜爱，是您的理想选择！
兰蔻小黑瓶精华肌底液,美妆护肤,1126,https://images.unsplash.com/photo-1485968579168-82ca61346455,新品上市，限时优惠，正品保障，假一赔十，快来抢购！
小龙哈彼婴儿推车,母婴用品,890,https://images.unsplash.com/photo-1485968579168-82ca61346455,新品上市，限时优惠，正品保障，假一赔十，快来抢购！
任天堂Switch OLED版,数码产品,2445,https://images.unsplash.com/photo-1441986300917-64674bd600d8,精选优质材料，精细工艺，匠心打造，品质生活之选！
苏泊尔电压力锅,家居生活,2113,https://images.unsplash.com/photo-1505740420928-5e560c06d30e,新品上市，限时优惠，正品保障，假一赔十，快来抢购！
kindle Paperwhite电子书,图书文具,3543,https://images.unsplash.com/photo-1485968579168-82ca61346455,精选优质材料，精细工艺，匠心打造，品质生活之选！
雅诗兰黛小棕瓶眼霜,美妆护肤,456,https://images.unsplash.com/photo-1505740420928-5e560c06d30e,精选优质材料，精细工艺，匠心打造，品质生活之选！
三只松鼠坚果礼盒,食品饮料,778,https://images.unsplash.com/photo-1505740420928-5e560c06d30e,正品行货，原厂直销，质量上乘，性价比高！
MAC子弹头口红,美妆护肤,1674,https://images.unsplash.com/photo-1441986300917-64674bd600d8,品质卓越，性能出色，深受用户喜爱，是您的理想选择！
探路者冲锋衣男款,运动户外,626,https://images.unsplash.com/photo-1441986300917-64674bd600d8,正品行货，原厂直销，质量上乘，性价比高！
迪卡侬瑜伽垫防滑健身垫,运动户外,1852,https://images.unsplash.com/photo-1484704849700-f032a568e944,品质卓越，性能出色，深受用户喜爱，是您的理想选择！
水星家纺四件套,家居生活,1137,https://images.unsplash.com/photo-1484704849700-f032a568e944,精选优质材料，精细工艺，匠心打造，品质生活之选！
小米扫地机器人扫拖一体,家居生活,912,https://images.unsplash.com/photo-1523275335684-37898b6baf30,精选优质材料，精细工艺，匠心打造，品质生活之选！
探路者冲锋衣男款,运动户外,1834,https://images.unsplash.com/photo-1441986300917-64674bd600d8,新品上市，限时优惠，正品保障，假一赔十，快来抢购！
牧高笛帐篷户外露营,运动户外,570,https://images.unsplash.com/photo-1523275335684-37898b6baf30,热销爆款，好评如潮，品质保证，值得信赖！
苹果iPhone 15 Pro Max 256GB 深空黑,数码产品,9204,https://images.unsplash.com/photo-1485968579168-82ca61346455,品质卓越，性能出色，深受用户喜爱，是您的理想选择！
帮宝适绿帮纸尿裤XL码,母婴用品,392,https://images.unsplash.com/photo-1505740420928-5e560c06d30e,品质卓越，性能出色，深受用户喜爱，是您的理想选择！
海蓝之谜精华面霜,美妆护肤,762,https://images.unsplash.com/photo-1523275335684-37898b6baf30,正品行货，原厂直销，质量上乘，性价比高！
苹果iPhone 15 Pro Max 256GB 深空黑,数码产品,7253,https://images.unsplash.com/photo-1523275335684-37898b6baf30,品质卓越，性能出色，深受用户喜爱，是您的理想选择！
斯伯丁篮球NBA系列,运动户外,1230,https://images.unsplash.com/photo-1523275335684-37898b6baf30,精选优质材料，精细工艺，匠心打造，品质生活之选！
斯伯丁篮球NBA系列,运动户外,1598,https://images.unsplash.com/photo-1505740420928-5e560c06d30e,品质卓越，性能出色，深受用户喜爱，是您的理想选择！
三只松鼠每日坚果,食品饮料,113,https://images.unsplash.com/photo-1484704849700-f032a568e944,正品行货，原厂直销，质量上乘，性价比高！
晨光文具中性笔0.5mm,图书文具,4661,https://images.unsplash.com/photo-1505740420928-5e560c06d30e,新品上市，限时优惠，正品保障，假一赔十，快来抢购！
尼康Z7 II全画幅相机,数码产品,7840,https://images.unsplash.com/photo-1484704849700-f032a568e944,精选优质材料，精细工艺，匠心打造，品质生活之选！
优衣库UNIQLO羽绒服,服饰鞋包,1264,https://images.unsplash.com/photo-1523275335684-37898b6baf30,新品上市，限时优惠，正品保障，假一赔十，快来抢购！
OLAY小白瓶精华液,美妆护肤,396,https://images.unsplash.com/photo-1484704849700-f032a568e944,新品上市，限时优惠，正品保障，假一赔十，快来抢购！
活着 余华正版书籍,图书文具,3449,https://images.unsplash.com/photo-1485968579168-82ca61346455,精选优质材料，精细工艺，匠心打造，品质生活之选！
Lululemon瑜伽垫,服饰鞋包,1526,https://images.unsplash.com/photo-1505740420928-5e560c06d30e,精选优质材料，精细工艺，匠心打造，品质生活之选！
尼康Z7 II全画幅相机,数码产品,6951,https://images.unsplash.com/photo-1484704849700-f032a568e944,热销爆款，好评如潮，品质保证，值得信赖！
得力文件资料册A4,图书文具,3977,https://images.unsplash.com/photo-1523275335684-37898b6baf30,热销爆款，好评如潮，品质保证，值得信赖！
晨光文具中性笔0.5mm,图书文具,76,https://images.unsplash.com/photo-1485968579168-82ca61346455,正品行货，原厂直销，质量上乘，性价比高！
骆驼登山鞋户外鞋,运动户外,1885,https://images.unsplash.com/photo-1523275335684-37898b6baf30,热销爆款，好评如潮，品质保证，值得信赖！
恒源祥男士商务衬衫,服饰鞋包,2249,https://images.unsplash.com/photo-1523275335684-37898b6baf30,热销爆款，好评如潮，品质保证，值得信赖！
良品铺子猪肉脯,食品饮料,695,https://images.unsplash.com/photo-1485968579168-82ca61346455,热销爆款，好评如潮，品质保证，值得信赖！
晨光铅笔HB小学生,图书文具,3851,https://images.unsplash.com/photo-1523275335684-37898b6baf30,热销爆款，好评如潮，品质保证，值得信赖！
植村秀琥珀卸妆油,美妆护肤,723,https://images.unsplash.com/photo-1485968579168-82ca61346455,新品上市，限时优惠，正品保障，假一赔十，快来抢购！
明朝那些事儿当年明月,图书文具,4704,https://images.unsplash.com/photo-1523275335684-37898b6baf30,品质卓越，性能出色，深受用户喜爱，是您的理想选择！
全棉时代婴儿棉柔巾,母婴用品,62,https://images.unsplash.com/photo-1523275335684-37898b6baf30,品质卓越，性能出色，深受用户喜爱，是您的理想选择！
飞利浦电动牙刷HX9352,家居生活,2691,https://images.unsplash.com/photo-1505740420928-5e560c06d30e,正品行货，原厂直销，质量上乘，性价比高！
安踏KT7篮球鞋,服饰鞋包,622,https://images.unsplash.com/photo-1485968579168-82ca61346455,品质卓越，性能出色，深受用户喜爱，是您的理想选择！
兰蔻小黑瓶精华肌底液,美妆护肤,975,https://images.unsplash.com/photo-1441986300917-64674bd600d8,正品行货，原厂直销，质量上乘，性价比高！
兰蔻小黑瓶精华肌底液,美妆护肤,557,https://images.unsplash.com/photo-1485968579168-82ca61346455,热销爆款，好评如潮，品质保证，值得信赖！
华为Mate 60 Pro 5G手机,数码产品,9839,https://images.unsplash.com/photo-1441986300917-64674bd600d8,热销爆款，好评如潮，品质保证，值得信赖！
晨光铅笔HB小学生,图书文具,4226,https://images.unsplash.com/photo-1484704849700-f032a568e944,新品上市，限时优惠，正品保障，假一赔十，快来抢购！
速比涛游泳装备全套,运动户外,1236,https://images.unsplash.com/photo-1505740420928-5e560c06d30e,品质卓越，性能出色，深受用户喜爱，是您的理想选择！
水星家纺四件套,家居生活,418,https://images.unsplash.com/photo-1505740420928-5e560c06d30e,品质卓越，性能出色，深受用户喜爱，是您的理想选择！
优衣库UNIQLO羽绒服,服饰鞋包,1490,https://images.unsplash.com/photo-1484704849700-f032a568e944,正品行货，原厂直销，质量上乘，性价比高！
晨光铅笔HB小学生,图书文具,3863,https://images.unsplash.com/photo-1523275335684-37898b6baf30,精选优质材料，精细工艺，匠心打造，品质生活之选！
三体全集刘慈欣科幻小说,图书文具,3196,https://images.unsplash.com/photo-1505740420928-5e560c06d30e,精选优质材料，精细工艺，匠心打造，品质生活之选！
华为MatePad Pro平板电脑,图书文具,4193,https://images.unsplash.com/photo-1485968579168-82ca61346455,品质卓越，性能出色，深受用户喜爱，是您的理想选择！
恒源祥男士商务衬衫,服饰鞋包,1034,https://images.unsplash.com/photo-1484704849700-f032a568e944,品质卓越，性能出色，深受用户喜爱，是您的理想选择！
海蓝之谜精华面霜,美妆护肤,771,https://images.unsplash.com/photo-1485968579168-82ca61346455,热销爆款，好评如潮，品质保证，值得信赖！
探路者冲锋衣男款,运动户外,573,https://images.unsplash.com/photo-1505740420928-5e560c06d30e,正品行货，原厂直销，质量上乘，性价比高！
美赞臣蓝臻奶粉2段,母婴用品,482,https://images.unsplash.com/photo-1523275335684-37898b6baf30,正品行货，原厂直销，质量上乘，性价比高！
迪卡侬自行车山地车,运动户外,1164,https://images.unsplash.com/photo-1441986300917-64674bd600d8,热销爆款，好评如潮，品质保证，值得信赖！
牧高笛帐篷户外露营,运动户外,1469,https://images.unsplash.com/photo-1505740420928-5e560c06d30e,热销爆款，好评如潮，品质保证，值得信赖！
迪卡侬滑板成人,运动户外,573,https://images.unsplash.com/photo-1523275335684-37898b6baf30,热销爆款，好评如潮，品质保证，值得信赖！
帮宝适绿帮纸尿裤XL码,母婴用品,123,https://images.unsplash.com/photo-1484704849700-f032a568e944,精选优质材料，精细工艺，匠心打造，品质生活之选！
美赞臣蓝臻奶粉2段,母婴用品,59,https://images.unsplash.com/photo-1523275335684-37898b6baf30,热销爆款，好评如潮，品质保证，值得信赖！
华为Mate 60 Pro 5G手机,数码产品,9868,https://images.unsplash.com/photo-1485968579168-82ca61346455,品质卓越，性能出色，深受用户喜爱，是您的理想选择！
香奈儿N°5淡香水,美妆护肤,1456,https://images.unsplash.com/photo-1484704849700-f032a568e944,品质卓越，性能出色，深受用户喜爱，是您的理想选择！
华为MatePad Pro平板电脑,图书文具,3948,https://images.unsplash.com/photo-1505740420928-5e560c06d30e,品质卓越，性能出色，深受用户喜爱，是您的理想选择！
农夫山泉矿泉水24瓶,食品饮料,950,https://images.unsplash.com/photo-1485968579168-82ca61346455,热销爆款，好评如潮，品质保证，值得信赖！
费雪学步车玩具,母婴用品,684,https://images.unsplash.com/photo-1523275335684-37898b6baf30,正品行货，原厂直销，质量上乘，性价比高！
帮宝适绿帮纸尿裤XL码,母婴用品,41,https://images.unsplash.com/photo-1441986300917-64674bd600d8,热销爆款，好评如潮，品质保证，值得信赖！
晨光文具中性笔0.5mm,图书文具,825,https://images.unsplash.com/photo-1441986300917-64674bd600d8,正品行货，原厂直销，质量上乘，性价比高！
恒源祥男士商务衬衫,服饰鞋包,361,https://images.unsplash.com/photo-1441986300917-64674bd600d8,正品行货，原厂直销，质量上乘，性价比高！
优衣库UNIQLO羽绒服,服饰鞋包,282,https://images.unsplash.com/photo-1441986300917-64674bd600d8,热销爆款，好评如潮，品质保证，值得信赖！
New Balance 574运动鞋,服饰鞋包,2438,https://images.unsplash.com/photo-1485968579168-82ca61346455,精选优质材料，精细工艺，匠心打造，品质生活之选！
水星家纺四件套,家居生活,2216,https://images.unsplash.com/photo-1485968579168-82ca61346455,新品上市，限时优惠，正品保障，假一赔十，快来抢购！
贝亲宽口径奶瓶,母婴用品,541,https://images.unsplash.com/photo-1523275335684-37898b6baf30,新品上市，限时优惠，正品保障，假一赔十，快来抢购！
美赞臣蓝臻奶粉3段,母婴用品,102,https://images.unsplash.com/photo-1505740420928-5e560c06d30e,品质卓越，性能出色，深受用户喜爱，是您的理想选择！
全棉时代婴儿棉柔巾,母婴用品,839,https://images.unsplash.com/photo-1485968579168-82ca61346455,新品上市，限时优惠，正品保障，假一赔十，快来抢购！
海蓝之谜精华面霜,美妆护肤,1060,https://images.unsplash.com/photo-1484704849700-f032a568e944,正品行货，原厂直销，质量上乘，性价比高！
小米14 Ultra 骁龙8 Gen3,数码产品,2668,https://images.unsplash.com/photo-1505740420928-5e560c06d30e,新品上市，限时优惠，正品保障，假一赔十，快来抢购！
kindle Paperwhite电子书,图书文具,969,https://images.unsplash.com/photo-1485968579168-82ca61346455,热销爆款，好评如潮，品质保证，值得信赖！
三只松鼠坚果礼盒,食品饮料,473,https://images.unsplash.com/photo-1485968579168-82ca61346455,新品上市，限时优惠，正品保障，假一赔十，快来抢购！
德芙巧克力礼盒装,食品饮料,714,https://images.unsplash.com/photo-1523275335684-37898b6baf30,正品行货，原厂直销，质量上乘，性价比高！
得力文件资料册A4,图书文具,3989,https://images.unsplash.com/photo-1485968579168-82ca61346455,精选优质材料，精细工艺，匠心打造，品质生活之选！
好奇铂金装纸尿裤,母婴用品,167,https://images.unsplash.com/photo-1484704849700-f032a568e944,品质卓越，性能出色，深受用户喜爱，是您的理想选择！
OLAY小白瓶精华液,美妆护肤,1642,https://images.unsplash.com/photo-1523275335684-37898b6baf30,精选优质材料，精细工艺，匠心打造，品质生活之选！
良品铺子猪肉脯,食品饮料,778,https://images.unsplash.com/photo-1484704849700-f032a568e944,品质卓越，性能出色，深受用户喜爱，是您的理想选择！
耐克Air Jordan 1芝加哥限定,服饰鞋包,1513,https://images.unsplash.com/photo-1485968579168-82ca61346455,正品行货，原厂直销，质量上乘，性价比高！
好奇铂金装纸尿裤,母婴用品,669,https://images.unsplash.com/photo-1505740420928-5e560c06d30e,新品上市，限时优惠，正品保障，假一赔十，快来抢购！
OLAY小白瓶精华液,美妆护肤,768,https://images.unsplash.com/photo-1505740420928-5e560c06d30e,新品上市，限时优惠，正品保障，假一赔十，快来抢购！
得力文件资料册A4,图书文具,1031,https://images.unsplash.com/photo-1485968579168-82ca61346455,正品行货，原厂直销，质量上乘，性价比高！
Keep健身器械家用,运动户外,810,https://images.unsplash.com/photo-1484704849700-f032a568e944,热销爆款，好评如潮，品质保证，值得信赖！
香奈儿N°5淡香水,美妆护肤,1287,https://images.unsplash.com/photo-1523275335684-37898b6baf30,精选优质材料，精细工艺，匠心打造，品质生活之选！
速比涛游泳装备全套,运动户外,693,https://images.unsplash.com/photo-1485968579168-82ca61346455,正品行货，原厂直销，质量上乘，性价比高！
三只松鼠每日坚果,食品饮料,702,https://images.unsplash.com/photo-1485968579168-82ca61346455,精选优质材料，精细工艺，匠心打造，品质生活之选！
宜家POÄNG波昂扶手椅,家居生活,635,https://images.unsplash.com/photo-1523275335684-37898b6baf30,新品上市，限时优惠，正品保障，假一赔十，快来抢购！
尼康Z7 II全画幅相机,数码产品,5351,https://images.unsplash.com/photo-1441986300917-64674bd600d8,品质卓越，性能出色，深受用户喜爱，是您的理想选择！
科颜氏高保湿面霜,美妆护肤,1437,https://images.unsplash.com/photo-1523275335684-37898b6baf30,热销爆款，好评如潮，品质保证，值得信赖！
科颜氏高保湿面霜,美妆护肤,874,https://images.unsplash.com/photo-1523275335684-37898b6baf30,新品上市，限时优惠，正品保障，假一赔十，快来抢购！
Lululemon瑜伽垫,服饰鞋包,1322,https://images.unsplash.com/photo-1505740420928-5e560c06d30e,品质卓越，性能出色，深受用户喜爱，是您的理想选择！
Keep健身器械家用,运动户外,1337,https://images.unsplash.com/photo-1484704849700-f032a568e944,热销爆款，好评如潮，品质保证，值得信赖！
安踏KT7篮球鞋,服饰鞋包,578,https://images.unsplash.com/photo-1523275335684-37898b6baf30,热销爆款，好评如潮，品质保证，值得信赖！
飞利浦电动牙刷HX9352,家居生活,1038,https://images.unsplash.com/photo-1505740420928-5e560c06d30e,精选优质材料，精细工艺，匠心打造，品质生活之选！
韩都衣舍连衣裙,服饰鞋包,1807,https://images.unsplash.com/photo-1485968579168-82ca61346455,品质卓越，性能出色，深受用户喜爱，是您的理想选择！
海蓝之谜精华面霜,美妆护肤,1201,https://images.unsplash.com/photo-1484704849700-f032a568e944,热销爆款，好评如潮，品质保证，值得信赖！
索尼PS5游戏机光驱版,数码产品,4354,https://images.unsplash.com/photo-1441986300917-64674bd600d8,品质卓越，性能出色，深受用户喜爱，是您的理想选择！
耐克Air Jordan 1芝加哥限定,服饰鞋包,2985,https://images.unsplash.com/photo-1485968579168-82ca61346455,热销爆款，好评如潮，品质保证，值得信赖！
李宁羽毛球拍单拍,运动户外,1250,https://images.unsplash.com/photo-1484704849700-f032a568e944,热销爆款，好评如潮，品质保证，值得信赖！
MAC子弹头口红,美妆护肤,1251,https://images.unsplash.com/photo-1485968579168-82ca61346455,品质卓越，性能出色，深受用户喜爱，是您的理想选择！
海蓝之谜精华面霜,美妆护肤,1071,https://images.unsplash.com/photo-1484704849700-f032a568e944,新品上市，限时优惠，正品保障，假一赔十，快来抢购！
速比涛游泳装备全套,运动户外,1744,https://images.unsplash.com/photo-1505740420928-5e560c06d30e,品质卓越，性能出色，深受用户喜爱，是您的理想选择！
戴森V15吸尘器,家居生活,808,https://images.unsplash.com/photo-1441986300917-64674bd600d8,品质卓越，性能出色，深受用户喜爱，是您的理想选择！
得力文件资料册A4,图书文具,700,https://images.unsplash.com/photo-1523275335684-37898b6baf30,热销爆款，好评如潮，品质保证，值得信赖！
旺旺大礼包,食品饮料,262,https://images.unsplash.com/photo-1505740420928-5e560c06d30e,热销爆款，好评如潮，品质保证，值得信赖！
李宁羽毛球拍单拍,运动户外,604,https://images.unsplash.com/photo-1505740420928-5e560c06d30e,新品上市，限时优惠，正品保障，假一赔十，快来抢购！
兰蔻小黑瓶精华肌底液,美妆护肤,817,https://images.unsplash.com/photo-1485968579168-82ca61346455,品质卓越，性能出色，深受用户喜爱，是您的理想选择！
兰蔻小黑瓶精华肌底液,美妆护肤,747,https://images.unsplash.com/photo-1441986300917-64674bd600d8,品质卓越，性能出色，深受用户喜爱，是您的理想选择！
科沃斯擦窗机器人,家居生活,2338,https://images.unsplash.com/photo-1484704849700-f032a568e944,新品上市，限时优惠，正品保障，假一赔十，快来抢购！
小米14 Ultra 骁龙8 Gen3,数码产品,1132,https://images.unsplash.com/photo-1485968579168-82ca61346455,正品行货，原厂直销，质量上乘，性价比高！
明朝那些事儿当年明月,图书文具,4185,https://images.unsplash.com/photo-1523275335684-37898b6baf30,品质卓越，性能出色，深受用户喜爱，是您的理想选择！
斯伯丁篮球NBA系列,运动户外,1194,https://images.unsplash.com/photo-1523275335684-37898b6baf30,新品上市，限时优惠，正品保障，假一赔十，快来抢购！
小龙哈彼婴儿推车,母婴用品,973,https://images.unsplash.com/photo-1484704849700-f032a568e944,精选优质材料，精细工艺，匠心打造，品质生活之选！
OLAY小白瓶精华液,美妆护肤,1545,https://images.unsplash.com/photo-1441986300917-64674bd600d8,精选优质材料，精细工艺，匠心打造，品质生活之选！
New Balance 574运动鞋,服饰鞋包,2297,https://images.unsplash.com/photo-1523275335684-37898b6baf30,品质卓越，性能出色，深受用户喜爱，是您的理想选择！
索尼PS5游戏机光驱版,数码产品,2287,https://images.unsplash.com/photo-1505740420928-5e560c06d30e,新品上市，限时优惠，正品保障，假一赔十，快来抢购！
美赞臣蓝臻奶粉2段,母婴用品,948,https://images.unsplash.com/photo-1484704849700-f032a568e944,品质卓越，性能出色，深受用户喜爱，是您的理想选择！
飞利浦电动牙刷HX9352,家居生活,1877,https://images.unsplash.com/photo-1505740420928-5e560c06d30e,新品上市，限时优惠，正品保障，假一赔十，快来抢购！
百草味牛肉干,食品饮料,239,https://images.unsplash.com/photo-1505740420928-5e560c06d30e,品质卓越，性能出色，深受用户喜爱，是您的理想选择！
科沃斯擦窗机器人,家居生活,799,https://images.unsplash.com/photo-1523275335684-37898b6baf30,新品上市，限时优惠，正品保障，假一赔十，快来抢购！
迪卡侬自行车山地车,运动户外,1452,https://images.unsplash.com/photo-1485968579168-82ca61346455,品质卓越，性能出色，深受用户喜爱，是您的理想选择！
索尼PS5游戏机光驱版,数码产品,1726,https://images.unsplash.com/photo-1505740420928-5e560c06d30e,正品行货，原厂直销，质量上乘，性价比高！
iPad Pro 12.9英寸 M4芯片,数码产品,9177,https://images.unsplash.com/photo-1523275335684-37898b6baf30,新品上市，限时优惠，正品保障，假一赔十，快来抢购！
飞利浦电动牙刷HX9352,家居生活,2846,https://images.unsplash.com/photo-1484704849700-f032a568e944,品质卓越，性能出色，深受用户喜爱，是您的理想选择！
帮宝适绿帮纸尿裤XL码,母婴用品,140,https://images.unsplash.com/photo-1441986300917-64674bd600d8,新品上市，限时优惠，正品保障，假一赔十，快来抢购！
帮宝适绿帮纸尿裤XL码,母婴用品,750,https://images.unsplash.com/photo-1505740420928-5e560c06d30e,新品上市，限时优惠，正品保障，假一赔十，快来抢购！
美的电饭煲4L智能,家居生活,398,https://images.unsplash.com/photo-1523275335684-37898b6baf30,新品上市，限时优惠，正品保障，假一赔十，快来抢购！
MAC子弹头口红,美妆护肤,1470,https://images.unsplash.com/photo-1505740420928-5e560c06d30e,品质卓越，性能出色，深受用户喜爱，是您的理想选择！
全棉时代婴儿棉柔巾,母婴用品,636,https://images.unsplash.com/photo-1484704849700-f032a568e944,新品上市，限时优惠，正品保障，假一赔十，快来抢购！
晨光文具中性笔0.5mm,图书文具,493,https://images.unsplash.com/photo-1441986300917-64674bd600d8,精选优质材料，精细工艺，匠心打造，品质生活之选！
kindle Paperwhite电子书,图书文具,3937,https://images.unsplash.com/photo-1484704849700-f032a568e944,热销爆款，好评如潮，品质保证，值得信赖！
索尼PS5游戏机光驱版,数码产品,5643,https://images.unsplash.com/photo-1484704849700-f032a568e944,精选优质材料，精细工艺，匠心打造，品质生活之选！
尼康Z7 II全画幅相机,数码产品,6899,https://images.unsplash.com/photo-1485968579168-82ca61346455,精选优质材料，精细工艺，匠心打造，品质生活之选！
百丽女靴秋冬款,服饰鞋包,2795,https://images.unsplash.com/photo-1505740420928-5e560c06d30e,新品上市，限时优惠，正品保障，假一赔十，快来抢购！
宜家POÄNG波昂扶手椅,家居生活,815,https://images.unsplash.com/photo-1505740420928-5e560c06d30e,正品行货，原厂直销，质量上乘，性价比高！
索尼WH-1000XM5降噪耳机,数码产品,8080,https://images.unsplash.com/photo-1505740420928-5e560c06d30e,新品上市，限时优惠，正品保障，假一赔十，快来抢购！
Coach蔻驰单肩斜挎包,服饰鞋包,334,https://images.unsplash.com/photo-1485968579168-82ca61346455,品质卓越，性能出色，深受用户喜爱，是您的理想选择！
Coach蔻驰单肩斜挎包,服饰鞋包,1178,https://images.unsplash.com/photo-1523275335684-37898b6baf30,新品上市，限时优惠，正品保障，假一赔十，快来抢购！
斯伯丁篮球NBA系列,运动户外,1973,https://images.unsplash.com/photo-1485968579168-82ca61346455,新品上市，限时优惠，正品保障，假一赔十，快来抢购！
得力文件资料册A4,图书文具,3616,https://images.unsplash.com/photo-1441986300917-64674bd600d8,品质卓越，性能出色，深受用户喜爱，是您的理想选择！
三只松鼠坚果礼盒,食品饮料,286,https://images.unsplash.com/photo-1441986300917-64674bd600d8,热销爆款，好评如潮，品质保证，值得信赖！
小米14 Ultra 骁龙8 Gen3,数码产品,2609,https://images.unsplash.com/photo-1485968579168-82ca61346455,热销爆款，好评如潮，品质保证，值得信赖！
德芙巧克力礼盒装,食品饮料,530,https://images.unsplash.com/photo-1441986300917-64674bd600d8,正品行货，原厂直销，质量上乘，性价比高！
九阳豆浆机家用,家居生活,915,https://images.unsplash.com/photo-1523275335684-37898b6baf30,品质卓越，性能出色，深受用户喜爱，是您的理想选择！
水星家纺四件套,家居生活,2853,https://images.unsplash.com/photo-1505740420928-5e560c06d30e,正品行货，原厂直销，质量上乘，性价比高！
美赞臣蓝臻奶粉2段,母婴用品,662,https://images.unsplash.com/photo-1441986300917-64674bd600d8,品质卓越，性能出色，深受用户喜爱，是您的理想选择！
MacBook Pro 14英寸,数码产品,5905,https://images.unsplash.com/photo-1485968579168-82ca61346455,品质卓越，性能出色，深受用户喜爱，是您的理想选择！
可口可乐330ml*24罐,食品饮料,181,https://images.unsplash.com/photo-1523275335684-37898b6baf30,品质卓越，性能出色，深受用户喜爱，是您的理想选择！
牧高笛帐篷户外露营,运动户外,1088,https://images.unsplash.com/photo-1523275335684-37898b6baf30,热销爆款，好评如潮，品质保证，值得信赖！
小米14 Ultra 骁龙8 Gen3,数码产品,7918,https://images.unsplash.com/photo-1441986300917-64674bd600d8,热销爆款，好评如潮，品质保证，值得信赖！
New Balance 574运动鞋,服饰鞋包,1329,https://images.unsplash.com/photo-1441986300917-64674bd600d8,品质卓越，性能出色，深受用户喜爱，是您的理想选择！
九阳豆浆机家用,家居生活,2985,https://images.unsplash.com/photo-1505740420928-5e560c06d30e,热销爆款，好评如潮，品质保证，值得信赖！
kindle Paperwhite电子书,图书文具,3004,https://images.unsplash.com/photo-1485968579168-82ca61346455,新品上市，限时优惠，正品保障，假一赔十，快来抢购！
New Balance 574运动鞋,服饰鞋包,2313,https://images.unsplash.com/photo-1441986300917-64674bd600d8,新品上市，限时优惠，正品保障，假一赔十，快来抢购！
费雪学步车玩具,母婴用品,701,https://images.unsplash.com/photo-1505740420928-5e560c06d30e,新品上市，限时优惠，正品保障，假一赔十，快来抢购！
得力计算器财务用,图书文具,635,https://images.unsplash.com/photo-1441986300917-64674bd600d8,精选优质材料，精细工艺，匠心打造，品质生活之选！
探路者冲锋衣男款,运动户外,1134,https://images.unsplash.com/photo-1505740420928-5e560c06d30e,正品行货，原厂直销，质量上乘，性价比高！
雅诗兰黛小棕瓶眼霜,美妆护肤,495,https://images.unsplash.com/photo-1485968579168-82ca61346455,品质卓越，性能出色，深受用户喜爱，是您的理想选择！
美赞臣蓝臻奶粉3段,母婴用品,459,https://images.unsplash.com/photo-1485968579168-82ca61346455,正品行货，原厂直销，质量上乘，性价比高！
好奇铂金装纸尿裤,母婴用品,757,https://images.unsplash.com/photo-1441986300917-64674bd600d8,热销爆款，好评如潮，品质保证，值得信赖！
乐亲婴儿摇椅,母婴用品,725,https://images.unsplash.com/photo-1505740420928-5e560c06d30e,热销爆款，好评如潮，品质保证，值得信赖！
尼康Z7 II全画幅相机,数码产品,8799,https://images.unsplash.com/photo-1484704849700-f032a568e944,精选优质材料，精细工艺，匠心打造，品质生活之选！
水星家纺四件套,家居生活,2330,https://images.unsplash.com/photo-1441986300917-64674bd600d8,精选优质材料，精细工艺，匠心打造，品质生活之选！
好奇铂金装纸尿裤,母婴用品,334,https://images.unsplash.com/photo-1523275335684-37898b6baf30,热销爆款，好评如潮，品质保证，值得信赖！
水星家纺四件套,家居生活,931,https://images.unsplash.com/photo-1484704849700-f032a568e944,精选优质材料，精细工艺，匠心打造，品质生活之选！
戴森V15吸尘器,家居生活,2527,https://images.unsplash.com/photo-1441986300917-64674bd600d8,热销爆款，好评如潮，品质保证，值得信赖！
骆驼登山鞋户外鞋,运动户外,1375,https://images.unsplash.com/photo-1441986300917-64674bd600d8,新品上市，限时优惠，正品保障，假一赔十，快来抢购！
贝亲宽口径奶瓶,母婴用品,582,https://images.unsplash.com/photo-1485968579168-82ca61346455,品质卓越，性能出色，深受用户喜爱，是您的理想选择！
小龙哈彼婴儿推车,母婴用品,53,https://images.unsplash.com/photo-1441986300917-64674bd600d8,品质卓越，性能出色，深受用户喜爱，是您的理想选择！
小龙哈彼婴儿推车,母婴用品,292,https://images.unsplash.com/photo-1505740420928-5e560c06d30e,品质卓越，性能出色，深受用户喜爱，是您的理想选择！
OLAY小白瓶精华液,美妆护肤,621,https://images.unsplash.com/photo-1441986300917-64674bd600d8,精选优质材料，精细工艺，匠心打造，品质生活之选！
牧高笛帐篷户外露营,运动户外,760,https://images.unsplash.com/photo-1441986300917-64674bd600d8,品质卓越，性能出色，深受用户喜爱，是您的理想选择！
OLAY小白瓶精华液,美妆护肤,587,https://images.unsplash.com/photo-1523275335684-37898b6baf30,正品行货，原厂直销，质量上乘，性价比高！
旺旺大礼包,食品饮料,318,https://images.unsplash.com/photo-1505740420928-5e560c06d30e,新品上市，限时优惠，正品保障，假一赔十，快来抢购！
李宁羽毛球拍单拍,运动户外,962,https://images.unsplash.com/photo-1484704849700-f032a568e944,正品行货，原厂直销，质量上乘，性价比高！
三体全集刘慈欣科幻小说,图书文具,2993,https://images.unsplash.com/photo-1441986300917-64674bd600d8,正品行货，原厂直销，质量上乘，性价比高！
斯伯丁篮球NBA系列,运动户外,592,https://images.unsplash.com/photo-1523275335684-37898b6baf30,品质卓越，性能出色，深受用户喜爱，是您的理想选择！
海蓝之谜精华面霜,美妆护肤,706,https://images.unsplash.com/photo-1441986300917-64674bd600d8,新品上市，限时优惠，正品保障，假一赔十，快来抢购！
三只松鼠每日坚果,食品饮料,56,https://images.unsplash.com/photo-1523275335684-37898b6baf30,精选优质材料，精细工艺，匠心打造，品质生活之选！
kindle Paperwhite电子书,图书文具,3081,https://images.unsplash.com/photo-1505740420928-5e560c06d30e,新品上市，限时优惠，正品保障，假一赔十，快来抢购！
优衣库UNIQLO羽绒服,服饰鞋包,1229,https://images.unsplash.com/photo-1485968579168-82ca61346455,精选优质材料，精细工艺，匠心打造，品质生活之选！
植村秀琥珀卸妆油,美妆护肤,1906,https://images.unsplash.com/photo-1485968579168-82ca61346455,品质卓越，性能出色，深受用户喜爱，是您的理想选择！
旺旺大礼包,食品饮料,895,https://images.unsplash.com/photo-1441986300917-64674bd600d8,精选优质材料，精细工艺，匠心打造，品质生活之选！
Coach蔻驰单肩斜挎包,服饰鞋包,1778,https://images.unsplash.com/photo-1484704849700-f032a568e944,热销爆款，好评如潮，品质保证，值得信赖！
香奈儿N°5淡香水,美妆护肤,778,https://images.unsplash.com/photo-1441986300917-64674bd600d8,品质卓越，性能出色，深受用户喜爱，是您的理想选择！
Keep健身器械家用,运动户外,1100,https://images.unsplash.com/photo-1485968579168-82ca61346455,正品行货，原厂直销，质量上乘，性价比高！
兰蔻小黑瓶精华肌底液,美妆护肤,665,https://images.unsplash.com/photo-1441986300917-64674bd600d8,精选优质材料，精细工艺，匠心打造，品质生活之选！
斯伯丁篮球NBA系列,运动户外,1440,https://images.unsplash.com/photo-1505740420928-5e560c06d30e,热销爆款，好评如潮，品质保证，值得信赖！
三只松鼠每日坚果,食品饮料,27,https://images.unsplash.com/photo-1523275335684-37898b6baf30,新品上市，限时优惠，正品保障，假一赔十，快来抢购！
慕思乳胶床垫,家居生活,1639,https://images.unsplash.com/photo-1485968579168-82ca61346455,品质卓越，性能出色，深受用户喜爱，是您的理想选择！
香奈儿N°5淡香水,美妆护肤,177,https://images.unsplash.com/photo-1485968579168-82ca61346455,正品行货，原厂直销，质量上乘，性价比高！
得力计算器财务用,图书文具,380,https://images.unsplash.com/photo-1484704849700-f032a568e944,正品行货，原厂直销，质量上乘，性价比高！
索尼WH-1000XM5降噪耳机,数码产品,4636,https://images.unsplash.com/photo-1523275335684-37898b6baf30,品质卓越，性能出色，深受用户喜爱，是您的理想选择！
OLAY小白瓶精华液,美妆护肤,577,https://images.unsplash.com/photo-1441986300917-64674bd600d8,热销爆款，好评如潮，品质保证，值得信赖！
旺旺大礼包,食品饮料,377,https://images.unsplash.com/photo-1441986300917-64674bd600d8,品质卓越，性能出色，深受用户喜爱，是您的理想选择！
华为Mate 60 Pro 5G手机,数码产品,1951,https://images.unsplash.com/photo-1484704849700-f032a568e944,精选优质材料，精细工艺，匠心打造，品质生活之选！
AirPods Pro 2代,数码产品,1156,https://images.unsplash.com/photo-1441986300917-64674bd600d8,品质卓越，性能出色，深受用户喜爱，是您的理想选择！
雅诗兰黛小棕瓶眼霜,美妆护肤,606,https://images.unsplash.com/photo-1523275335684-37898b6baf30,正品行货，原厂直销，质量上乘，性价比高！
雅诗兰黛小棕瓶眼霜,美妆护肤,539,https://images.unsplash.com/photo-1484704849700-f032a568e944,新品上市，限时优惠，正品保障，假一赔十，快来抢购！
MAC子弹头口红,美妆护肤,1102,https://images.unsplash.com/photo-1485968579168-82ca61346455,新品上市，限时优惠，正品保障，假一赔十，快来抢购！
小米扫地机器人扫拖一体,家居生活,1504,https://images.unsplash.com/photo-1485968579168-82ca61346455,精选优质材料，精细工艺，匠心打造，品质生活之选！
恒源祥男士商务衬衫,服饰鞋包,2961,https://images.unsplash.com/photo-1441986300917-64674bd600d8,精选优质材料，精细工艺，匠心打造，品质生活之选！
OLAY小白瓶精华液,美妆护肤,803,https://images.unsplash.com/photo-1523275335684-37898b6baf30,正品行货，原厂直销，质量上乘，性价比高！
耐克Air Jordan 1芝加哥限定,服饰鞋包,1619,https://images.unsplash.com/photo-1485968579168-82ca61346455,新品上市，限时优惠，正品保障，假一赔十，快来抢购！
苏泊尔电压力锅,家居生活,2902,https://images.unsplash.com/photo-1505740420928-5e560c06d30e,热销爆款，好评如潮，品质保证，值得信赖！
索尼WH-1000XM5降噪耳机,数码产品,8607,https://images.unsplash.com/photo-1485968579168-82ca61346455,精选优质材料，精细工艺，匠心打造，品质生活之选！
植村秀琥珀卸妆油,美妆护肤,1468,https://images.unsplash.com/photo-1505740420928-5e560c06d30e,热销爆款，好评如潮，品质保证，值得信赖！
奥利奥饼干巧克力味,食品饮料,119,https://images.unsplash.com/photo-1505740420928-5e560c06d30e,热销爆款，好评如潮，品质保证，值得信赖！
得力文件资料册A4,图书文具,1932,https://images.unsplash.com/photo-1484704849700-f032a568e944,热销爆款，好评如潮，品质保证，值得信赖！
得力计算器财务用,图书文具,194,https://images.unsplash.com/photo-1441986300917-64674bd600d8,正品行货，原厂直销，质量上乘，性价比高！
iPad Pro 12.9英寸 M4芯片,数码产品,5333,https://images.unsplash.com/photo-1485968579168-82ca61346455,精选优质材料，精细工艺，匠心打造，品质生活之选！
得力打印纸A4复印纸,图书文具,865,https://images.unsplash.com/photo-1441986300917-64674bd600d8,热销爆款，好评如潮，品质保证，值得信赖！
索尼PS5游戏机光驱版,数码产品,4203,https://images.unsplash.com/photo-1523275335684-37898b6baf30,新品上市，限时优惠，正品保障，假一赔十，快来抢购！
安踏KT7篮球鞋,服饰鞋包,1061,https://images.unsplash.com/photo-1484704849700-f032a568e944,正品行货，原厂直销，质量上乘，性价比高！
美的电饭煲4L智能,家居生活,1891,https://images.unsplash.com/photo-1485968579168-82ca61346455,正品行货，原厂直销，质量上乘，性价比高！
明朝那些事儿当年明月,图书文具,252,https://images.unsplash.com/photo-1484704849700-f032a568e944,精选优质材料，精细工艺，匠心打造，品质生活之选！
MacBook Pro 14英寸,数码产品,3328,https://images.unsplash.com/photo-1485968579168-82ca61346455,精选优质材料，精细工艺，匠心打造，品质生活之选！
华为MatePad Pro平板电脑,图书文具,2873,https://images.unsplash.com/photo-1441986300917-64674bd600d8,正品行货，原厂直销，质量上乘，性价比高！
星巴克咖啡豆中度烘焙,食品饮料,845,https://images.unsplash.com/photo-1484704849700-f032a568e944,品质卓越，性能出色，深受用户喜爱，是您的理想选择！
耐克Air Jordan 1芝加哥限定,服饰鞋包,281,https://images.unsplash.com/photo-1485968579168-82ca61346455,新品上市，限时优惠，正品保障，假一赔十，快来抢购！
华为MatePad Pro平板电脑,图书文具,4402,https://images.unsplash.com/photo-1441986300917-64674bd600d8,新品上市，限时优惠，正品保障，假一赔十，快来抢购！
旺旺大礼包,食品饮料,978,https://images.unsplash.com/photo-1485968579168-82ca61346455,品质卓越，性能出色，深受用户喜爱，是您的理想选择！
Lululemon瑜伽垫,服饰鞋包,1653,https://images.unsplash.com/photo-1485968579168-82ca61346455,热销爆款，好评如潮，品质保证，值得信赖！
三只松鼠坚果礼盒,食品饮料,542,https://images.unsplash.com/photo-1485968579168-82ca61346455,品质卓越，性能出色，深受用户喜爱，是您的理想选择！
海蓝之谜精华面霜,美妆护肤,523,https://images.unsplash.com/photo-1484704849700-f032a568e944,热销爆款，好评如潮，品质保证，值得信赖！
索尼PS5游戏机光驱版,数码产品,1896,https://images.unsplash.com/photo-1441986300917-64674bd600d8,精选优质材料，精细工艺，匠心打造，品质生活之选！
农夫山泉矿泉水24瓶,食品饮料,890,https://images.unsplash.com/photo-1484704849700-f032a568e944,正品行货，原厂直销，质量上乘，性价比高！
飞利浦电动牙刷HX9352,家居生活,291,https://images.unsplash.com/photo-1485968579168-82ca61346455,新品上市，限时优惠，正品保障，假一赔十，快来抢购！
得力打印纸A4复印纸,图书文具,2817,https://images.unsplash.com/photo-1484704849700-f032a568e944,品质卓越，性能出色，深受用户喜爱，是您的理想选择！
李宁羽毛球拍单拍,运动户外,1765,https://images.unsplash.com/photo-1523275335684-37898b6baf30,精选优质材料，精细工艺，匠心打造，品质生活之选！
好奇铂金装纸尿裤,母婴用品,725,https://images.unsplash.com/photo-1485968579168-82ca61346455,热销爆款，好评如潮，品质保证，值得信赖！
奥利奥饼干巧克力味,食品饮料,91,https://images.unsplash.com/photo-1505740420928-5e560c06d30e,热销爆款，好评如潮，品质保证，值得信赖！
阿迪达斯NMD R1跑鞋,服饰鞋包,2956,https://images.unsplash.com/photo-1441986300917-64674bd600d8,品质卓越，性能出色，深受用户喜爱，是您的理想选择！
小龙哈彼婴儿推车,母婴用品,277,https://images.unsplash.com/photo-1485968579168-82ca61346455,精选优质材料，精细工艺，匠心打造，品质生活之选！
三体全集刘慈欣科幻小说,图书文具,4597,https://images.unsplash.com/photo-1485968579168-82ca61346455,新品上市，限时优惠，正品保障，假一赔十，快来抢购！
三只松鼠每日坚果,食品饮料,20,https://images.unsplash.com/photo-1485968579168-82ca61346455,品质卓越，性能出色，深受用户喜爱，是您的理想选择！
尼康Z7 II全画幅相机,数码产品,8713,https://images.unsplash.com/photo-1523275335684-37898b6baf30,品质卓越，性能出色，深受用户喜爱，是您的理想选择！
乐亲婴儿摇椅,母婴用品,641,https://images.unsplash.com/photo-1485968579168-82ca61346455,正品行货，原厂直销，质量上乘，性价比高！
牧高笛帐篷户外露营,运动户外,1473,https://images.unsplash.com/photo-1523275335684-37898b6baf30,正品行货，原厂直销，质量上乘，性价比高！
速比涛游泳装备全套,运动户外,1593,https://images.unsplash.com/photo-1441986300917-64674bd600d8,品质卓越，性能出色，深受用户喜爱，是您的理想选择！
奥利奥饼干巧克力味,食品饮料,356,https://images.unsplash.com/photo-1523275335684-37898b6baf30,新品上市，限时优惠，正品保障，假一赔十，快来抢购！
小龙哈彼婴儿推车,母婴用品,31,https://images.unsplash.com/photo-1523275335684-37898b6baf30,热销爆款，好评如潮，品质保证，值得信赖！
星巴克咖啡豆中度烘焙,食品饮料,541,https://images.unsplash.com/photo-1505740420928-5e560c06d30e,热销爆款，好评如潮，品质保证，值得信赖！
良品铺子猪肉脯,食品饮料,694,https://images.unsplash.com/photo-1484704849700-f032a568e944,新品上市，限时优惠，正品保障，假一赔十，快来抢购！
安踏KT7篮球鞋,服饰鞋包,1711,https://images.unsplash.com/photo-1484704849700-f032a568e944,正品行货，原厂直销，质量上乘，性价比高！
得力打印纸A4复印纸,图书文具,2186,https://images.unsplash.com/photo-1523275335684-37898b6baf30,新品上市，限时优惠，正品保障，假一赔十，快来抢购！
活着 余华正版书籍,图书文具,2358,https://images.unsplash.com/photo-1441986300917-64674bd600d8,品质卓越，性能出色，深受用户喜爱，是您的理想选择！
活着 余华正版书籍,图书文具,443,https://images.unsplash.com/photo-1441986300917-64674bd600d8,品质卓越，性能出色，深受用户喜爱，是您的理想选择！
雅诗兰黛小棕瓶眼霜,美妆护肤,660,https://images.unsplash.com/photo-1484704849700-f032a568e944,热销爆款，好评如潮，品质保证，值得信赖！
kindle Paperwhite电子书,图书文具,4105,https://images.unsplash.com/photo-1505740420928-5e560c06d30e,正品行货，原厂直销，质量上乘，性价比高！
华为Mate 60 Pro 5G手机,数码产品,1508,https://images.unsplash.com/photo-1441986300917-64674bd600d8,新品上市，限时优惠，正品保障，假一赔十，快来抢购！
慕思乳胶床垫,家居生活,182,https://images.unsplash.com/photo-1505740420928-5e560c06d30e,品质卓越，性能出色，深受用户喜爱，是您的理想选择！
OLAY小白瓶精华液,美妆护肤,185,https://images.unsplash.com/photo-1484704849700-f032a568e944,精选优质材料，精细工艺，匠心打造，品质生活之选！
星巴克咖啡豆中度烘焙,食品饮料,998,https://images.unsplash.com/photo-1523275335684-37898b6baf30,新品上市，限时优惠，正品保障，假一赔十，快来抢购！
得力计算器财务用,图书文具,2967,https://images.unsplash.com/photo-1523275335684-37898b6baf30,品质卓越，性能出色，深受用户喜爱，是您的理想选择！
苹果iPhone 15 Pro Max 256GB 深空黑,数码产品,3466,https://images.unsplash.com/photo-1484704849700-f032a568e944,正品行货，原厂直销，质量上乘，性价比高！
探路者冲锋衣男款,运动户外,1804,https://images.unsplash.com/photo-1523275335684-37898b6baf30,热销爆款，好评如潮，品质保证，值得信赖！
三只松鼠坚果礼盒,食品饮料,112,https://images.unsplash.com/photo-1523275335684-37898b6baf30,新品上市，限时优惠，正品保障，假一赔十，快来抢购！
华为MatePad Pro平板电脑,图书文具,4288,https://images.unsplash.com/photo-1505740420928-5e560c06d30e,热销爆款，好评如潮，品质保证，值得信赖！
New Balance 574运动鞋,服饰鞋包,1356,https://images.unsplash.com/photo-1505740420928-5e560c06d30e,新品上市，限时优惠，正品保障，假一赔十，快来抢购！
速比涛游泳装备全套,运动户外,1060,https://images.unsplash.com/photo-1485968579168-82ca61346455,新品上市，限时优惠，正品保障，假一赔十，快来抢购！
资生堂红腰子精华,美妆护肤,270,https://images.unsplash.com/photo-1484704849700-f032a568e944,新品上市，限时优惠，正品保障，假一赔十，快来抢购！
奥利奥饼干巧克力味,食品饮料,598,https://images.unsplash.com/photo-1441986300917-64674bd600d8,正品行货，原厂直销，质量上乘，性价比高！
苏泊尔电压力锅,家居生活,1133,https://images.unsplash.com/photo-1441986300917-64674bd600d8,正品行货，原厂直销，质量上乘，性价比高！
恒源祥男士商务衬衫,服饰鞋包,1041,https://images.unsplash.com/photo-1484704849700-f032a568e944,正品行货，原厂直销，质量上乘，性价比高！
晨光铅笔HB小学生,图书文具,4419,https://images.unsplash.com/photo-1505740420928-5e560c06d30e,精选优质材料，精细工艺，匠心打造，品质生活之选！
速比涛游泳装备全套,运动户外,605,https://images.unsplash.com/photo-1484704849700-f032a568e944,正品行货，原厂直销，质量上乘，性价比高！
骆驼登山鞋户外鞋,运动户外,1487,https://images.unsplash.com/photo-1523275335684-37898b6baf30,正品行货，原厂直销，质量上乘，性价比高！
阿迪达斯NMD R1跑鞋,服饰鞋包,2974,https://images.unsplash.com/photo-1484704849700-f032a568e944,新品上市，限时优惠，正品保障，假一赔十，快来抢购！
优衣库UNIQLO羽绒服,服饰鞋包,552,https://images.unsplash.com/photo-1441986300917-64674bd600d8,正品行货，原厂直销，质量上乘，性价比高！
活着 余华正版书籍,图书文具,417,https://images.unsplash.com/photo-1441986300917-64674bd600d8,品质卓越，性能出色，深受用户喜爱，是您的理想选择！
晨光铅笔HB小学生,图书文具,4924,https://images.unsplash.com/photo-1523275335684-37898b6baf30,品质卓越，性能出色，深受用户喜爱，是您的理想选择！
迪卡侬滑板成人,运动户外,1295,https://images.unsplash.com/photo-1441986300917-64674bd600d8,热销爆款，好评如潮，品质保证，值得信赖！
kindle Paperwhite电子书,图书文具,2640,https://images.unsplash.com/photo-1523275335684-37898b6baf30,正品行货，原厂直销，质量上乘，性价比高！
雅诗兰黛小棕瓶眼霜,美妆护肤,944,https://images.unsplash.com/photo-1441986300917-64674bd600d8,精选优质材料，精细工艺，匠心打造，品质生活之选！
斯伯丁篮球NBA系列,运动户外,1082,https://images.unsplash.com/photo-1441986300917-64674bd600d8,精选优质材料，精细工艺，匠心打造，品质生活之选！
百丽女靴秋冬款,服饰鞋包,2458,https://images.unsplash.com/photo-1441986300917-64674bd600d8,热销爆款，好评如潮，品质保证，值得信赖！
得力计算器财务用,图书文具,1227,https://images.unsplash.com/photo-1441986300917-64674bd600d8,品质卓越，性能出色，深受用户喜爱，是您的理想选择！
迪卡侬自行车山地车,运动户外,894,https://images.unsplash.com/photo-1505740420928-5e560c06d30e,精选优质材料，精细工艺，匠心打造，品质生活之选！
美赞臣蓝臻奶粉3段,母婴用品,996,https://images.unsplash.com/photo-1523275335684-37898b6baf30,精选优质材料，精细工艺，匠心打造，品质生活之选！
kindle Paperwhite电子书,图书文具,2758,https://images.unsplash.com/photo-1485968579168-82ca61346455,品质卓越，性能出色，深受用户喜爱，是您的理想选择！
植村秀琥珀卸妆油,美妆护肤,747,https://images.unsplash.com/photo-1484704849700-f032a568e944,品质卓越，性能出色，深受用户喜爱，是您的理想选择！
探路者冲锋衣男款,运动户外,1745,https://images.unsplash.com/photo-1484704849700-f032a568e944,新品上市，限时优惠，正品保障，假一赔十，快来抢购！
苹果iPhone 15 Pro Max 256GB 深空黑,数码产品,8909,https://images.unsplash.com/photo-1523275335684-37898b6baf30,品质卓越，性能出色，深受用户喜爱，是您的理想选择！
雅诗兰黛小棕瓶眼霜,美妆护肤,1293,https://images.unsplash.com/photo-1523275335684-37898b6baf30,品质卓越，性能出色，深受用户喜爱，是您的理想选择！
好奇铂金装纸尿裤,母婴用品,217,https://images.unsplash.com/photo-1485968579168-82ca61346455,正品行货，原厂直销，质量上乘，性价比高！
慕思乳胶床垫,家居生活,2805,https://images.unsplash.com/photo-1484704849700-f032a568e944,品质卓越，性能出色，深受用户喜爱，是您的理想选择！
华为Mate 60 Pro 5G手机,数码产品,7109,https://images.unsplash.com/photo-1484704849700-f032a568e944,精选优质材料，精细工艺，匠心打造，品质生活之选！
九阳豆浆机家用,家居生活,2632,https://images.unsplash.com/photo-1523275335684-37898b6baf30,正品行货，原厂直销，质量上乘，性价比高！
Coach蔻驰单肩斜挎包,服饰鞋包,2638,https://images.unsplash.com/photo-1441986300917-64674bd600d8,正品行货，原厂直销，质量上乘，性价比高！
骆驼登山鞋户外鞋,运动户外,163,https://images.unsplash.com/photo-1505740420928-5e560c06d30e,热销爆款，好评如潮，品质保证，值得信赖！
百草味牛肉干,食品饮料,340,https://images.unsplash.com/photo-1485968579168-82ca61346455,正品行货，原厂直销，质量上乘，性价比高！
斯伯丁篮球NBA系列,运动户外,619,https://images.unsplash.com/photo-1484704849700-f032a568e944,正品行货，原厂直销，质量上乘，性价比高！
迪卡侬自行车山地车,运动户外,1012,https://images.unsplash.com/photo-1505740420928-5e560c06d30e,品质卓越，性能出色，深受用户喜爱，是您的理想选择！
任天堂Switch OLED版,数码产品,5294,https://images.unsplash.com/photo-1505740420928-5e560c06d30e,热销爆款，好评如潮，品质保证，值得信赖！
索尼WH-1000XM5降噪耳机,数码产品,1056,https://images.unsplash.com/photo-1485968579168-82ca61346455,热销爆款，好评如潮，品质保证，值得信赖！
迪卡侬瑜伽垫防滑健身垫,运动户外,1866,https://images.unsplash.com/photo-1485968579168-82ca61346455,品质卓越，性能出色，深受用户喜爱，是您的理想选择！
明朝那些事儿当年明月,图书文具,4032,https://images.unsplash.com/photo-1523275335684-37898b6baf30,正品行货，原厂直销，质量上乘，性价比高！
苹果iPhone 15 Pro Max 256GB 深空黑,数码产品,4561,https://images.unsplash.com/photo-1441986300917-64674bd600d8,品质卓越，性能出色，深受用户喜爱，是您的理想选择！
Keep健身器械家用,运动户外,1007,https://images.unsplash.com/photo-1523275335684-37898b6baf30,热销爆款，好评如潮，品质保证，值得信赖！
活着 余华正版书籍,图书文具,3844,https://images.unsplash.com/photo-1485968579168-82ca61346455,热销爆款，好评如潮，品质保证，值得信赖！
帮宝适绿帮纸尿裤XL码,母婴用品,733,https://images.unsplash.com/photo-1484704849700-f032a568e944,精选优质材料，精细工艺，匠心打造，品质生活之选！
Keep健身器械家用,运动户外,1934,https://images.unsplash.com/photo-1505740420928-5e560c06d30e,精选优质材料，精细工艺，匠心打造，品质生活之选！
任天堂Switch OLED版,数码产品,5447,https://images.unsplash.com/photo-1484704849700-f032a568e944,品质卓越，性能出色，深受用户喜爱，是您的理想选择！
索尼WH-1000XM5降噪耳机,数码产品,4138,https://images.unsplash.com/photo-1484704849700-f032a568e944,新品上市，限时优惠，正品保障，假一赔十，快来抢购！
可优比婴儿床围栏,母婴用品,246,https://images.unsplash.com/photo-1484704849700-f032a568e944,品质卓越，性能出色，深受用户喜爱，是您的理想选择！
百丽女靴秋冬款,服饰鞋包,947,https://images.unsplash.com/photo-1441986300917-64674bd600d8,精选优质材料，精细工艺，匠心打造，品质生活之选！
SK-II神仙水精华液230ml,美妆护肤,1375,https://images.unsplash.com/photo-1485968579168-82ca61346455,精选优质材料，精细工艺，匠心打造，品质生活之选！
三只松鼠每日坚果,食品饮料,347,https://images.unsplash.com/photo-1523275335684-37898b6baf30,正品行货，原厂直销，质量上乘，性价比高！
戴森V15吸尘器,家居生活,97,https://images.unsplash.com/photo-1484704849700-f032a568e944,精选优质材料，精细工艺，匠心打造，品质生活之选！
得力文件资料册A4,图书文具,3128,https://images.unsplash.com/photo-1523275335684-37898b6baf30,热销爆款，好评如潮，品质保证，值得信赖！
SK-II神仙水精华液230ml,美妆护肤,400,https://images.unsplash.com/photo-1484704849700-f032a568e944,精选优质材料，精细工艺，匠心打造，品质生活之选！
得力打印纸A4复印纸,图书文具,2281,https://images.unsplash.com/photo-1484704849700-f032a568e944,新品上市，限时优惠，正品保障，假一赔十，快来抢购！
苏泊尔电压力锅,家居生活,1042,https://images.unsplash.com/photo-1523275335684-37898b6baf30,新品上市，限时优惠，正品保障，假一赔十，快来抢购！
百丽女靴秋冬款,服饰鞋包,2927,https://images.unsplash.com/photo-1441986300917-64674bd600d8,品质卓越，性能出色，深受用户喜爱，是您的理想选择！
可口可乐330ml*24罐,食品饮料,480,https://images.unsplash.com/photo-1505740420928-5e560c06d30e,精选优质材料，精细工艺，匠心打造，品质生活之选！
兰蔻小黑瓶精华肌底液,美妆护肤,254,https://images.unsplash.com/photo-1485968579168-82ca61346455,品质卓越，性能出色，深受用户喜爱，是您的理想选择！
华为MatePad Pro平板电脑,图书文具,4909,https://images.unsplash.com/photo-1523275335684-37898b6baf30,精选优质材料，精细工艺，匠心打造，品质生活之选！
New Balance 574运动鞋,服饰鞋包,2964,https://images.unsplash.com/photo-1484704849700-f032a568e944,热销爆款，好评如潮，品质保证，值得信赖！
三体全集刘慈欣科幻小说,图书文具,1392,https://images.unsplash.com/photo-1505740420928-5e560c06d30e,品质卓越，性能出色，深受用户喜爱，是您的理想选择！
迪卡侬瑜伽垫防滑健身垫,运动户外,980,https://images.unsplash.com/photo-1441986300917-64674bd600d8,品质卓越，性能出色，深受用户喜爱，是您的理想选择！
百丽女靴秋冬款,服饰鞋包,2796,https://images.unsplash.com/photo-1441986300917-64674bd600d8,精选优质材料，精细工艺，匠心打造，品质生活之选！
慕思乳胶床垫,家居生活,703,https://images.unsplash.com/photo-1523275335684-37898b6baf30,品质卓越，性能出色，深受用户喜爱，是您的理想选择！
AirPods Pro 2代,数码产品,2586,https://images.unsplash.com/photo-1484704849700-f032a568e944,品质卓越，性能出色，深受用户喜爱，是您的理想选择！
旺旺大礼包,食品饮料,29,https://images.unsplash.com/photo-1485968579168-82ca61346455,品质卓越，性能出色，深受用户喜爱，是您的理想选择！
农夫山泉矿泉水24瓶,食品饮料,810,https://images.unsplash.com/photo-1441986300917-64674bd600d8,正品行货，原厂直销，质量上乘，性价比高！
活着 余华正版书籍,图书文具,376,https://images.unsplash.com/photo-1523275335684-37898b6baf30,热销爆款，好评如潮，品质保证，值得信赖！
李宁羽毛球拍单拍,运动户外,1422,https://images.unsplash.com/photo-1485968579168-82ca61346455,精选优质材料，精细工艺，匠心打造，品质生活之选！
SK-II神仙水精华液230ml,美妆护肤,456,https://images.unsplash.com/photo-1523275335684-37898b6baf30,热销爆款，好评如潮，品质保证，值得信赖！
耐克Air Jordan 1芝加哥限定,服饰鞋包,1130,https://images.unsplash.com/photo-1485968579168-82ca61346455,品质卓越，性能出色，深受用户喜爱，是您的理想选择！
美赞臣蓝臻奶粉3段,母婴用品,232,https://images.unsplash.com/photo-1441986300917-64674bd600d8,热销爆款，好评如潮，品质保证，值得信赖！
奥利奥饼干巧克力味,食品饮料,657,https://images.unsplash.com/photo-1485968579168-82ca61346455,品质卓越，性能出色，深受用户喜爱，是您的理想选择！
三只松鼠每日坚果,食品饮料,529,https://images.unsplash.com/photo-1505740420928-5e560c06d30e,热销爆款，好评如潮，品质保证，值得信赖！
慕思乳胶床垫,家居生活,1747,https://images.unsplash.com/photo-1485968579168-82ca61346455,品质卓越，性能出色，深受用户喜爱，是您的理想选择！
New Balance 574运动鞋,服饰鞋包,2869,https://images.unsplash.com/photo-1505740420928-5e560c06d30e,新品上市，限时优惠，正品保障，假一赔十，快来抢购！
恒源祥男士商务衬衫,服饰鞋包,2307,https://images.unsplash.com/photo-1523275335684-37898b6baf30,品质卓越，性能出色，深受用户喜爱，是您的理想选择！
明朝那些事儿当年明月,图书文具,4829,https://images.unsplash.com/photo-1441986300917-64674bd600d8,品质卓越，性能出色，深受用户喜爱，是您的理想选择！
美赞臣蓝臻奶粉2段,母婴用品,419,https://images.unsplash.com/photo-1484704849700-f032a568e944,正品行货，原厂直销，质量上乘，性价比高！
美赞臣蓝臻奶粉3段,母婴用品,755,https://images.unsplash.com/photo-1441986300917-64674bd600d8,品质卓越，性能出色，深受用户喜爱，是您的理想选择！
迪卡侬自行车山地车,运动户外,418,https://images.unsplash.com/photo-1441986300917-64674bd600d8,正品行货，原厂直销，质量上乘，性价比高！
索尼WH-1000XM5降噪耳机,数码产品,7021,https://images.unsplash.com/photo-1485968579168-82ca61346455,新品上市，限时优惠，正品保障，假一赔十，快来抢购！
华为Mate 60 Pro 5G手机,数码产品,7885,https://images.unsplash.com/photo-1523275335684-37898b6baf30,品质卓越，性能出色，深受用户喜爱，是您的理想选择！
慕思乳胶床垫,家居生活,2381,https://images.unsplash.com/photo-1523275335684-37898b6baf30,精选优质材料，精细工艺，匠心打造，品质生活之选！
百草味牛肉干,食品饮料,188,https://images.unsplash.com/photo-1485968579168-82ca61346455,品质卓越，性能出色，深受用户喜爱，是您的理想选择！
斯伯丁篮球NBA系列,运动户外,491,https://images.unsplash.com/photo-1505740420928-5e560c06d30e,新品上市，限时优惠，正品保障，假一赔十，快来抢购！
New Balance 574运动鞋,服饰鞋包,530,https://images.unsplash.com/photo-1485968579168-82ca61346455,热销爆款，好评如潮，品质保证，值得信赖！
华为MatePad Pro平板电脑,图书文具,2922,https://images.unsplash.com/photo-1484704849700-f032a568e944,品质卓越，性能出色，深受用户喜爱，是您的理想选择！
得力文件资料册A4,图书文具,1615,https://images.unsplash.com/photo-1505740420928-5e560c06d30e,品质卓越，性能出色，深受用户喜爱，是您的理想选择！
三只松鼠每日坚果,食品饮料,765,https://images.unsplash.com/photo-1441986300917-64674bd600d8,精选优质材料，精细工艺，匠心打造，品质生活之选！
尼康Z7 II全画幅相机,数码产品,7860,https://images.unsplash.com/photo-1485968579168-82ca61346455,品质卓越，性能出色，深受用户喜爱，是您的理想选择！
费雪学步车玩具,母婴用品,630,https://images.unsplash.com/photo-1484704849700-f032a568e944,正品行货，原厂直销，质量上乘，性价比高！
飞利浦电动牙刷HX9352,家居生活,2875,https://images.unsplash.com/photo-1441986300917-64674bd600d8,精选优质材料，精细工艺，匠心打造，品质生活之选！
百丽女靴秋冬款,服饰鞋包,1590,https://images.unsplash.com/photo-1441986300917-64674bd600d8,热销爆款，好评如潮，品质保证，值得信赖！
好奇铂金装纸尿裤,母婴用品,742,https://images.unsplash.com/photo-1441986300917-64674bd600d8,精选优质材料，精细工艺，匠心打造，品质生活之选！
探路者冲锋衣男款,运动户外,1989,https://images.unsplash.com/photo-1484704849700-f032a568e944,热销爆款，好评如潮，品质保证，值得信赖！
Keep健身器械家用,运动户外,1134,https://images.unsplash.com/photo-1441986300917-64674bd600d8,正品行货，原厂直销，质量上乘，性价比高！
美赞臣蓝臻奶粉2段,母婴用品,345,https://images.unsplash.com/photo-1523275335684-37898b6baf30,品质卓越，性能出色，深受用户喜爱，是您的理想选择！
九阳豆浆机家用,家居生活,762,https://images.unsplash.com/photo-1523275335684-37898b6baf30,热销爆款，好评如潮，品质保证，值得信赖！
华为Mate 60 Pro 5G手机,数码产品,8089,https://images.unsplash.com/photo-1484704849700-f032a568e944,新品上市，限时优惠，正品保障，假一赔十，快来抢购！
晨光文具中性笔0.5mm,图书文具,1294,https://images.unsplash.com/photo-1485968579168-82ca61346455,品质卓越，性能出色，深受用户喜爱，是您的理想选择！
迪卡侬自行车山地车,运动户外,864,https://images.unsplash.com/photo-1441986300917-64674bd600d8,新品上市，限时优惠，正品保障，假一赔十，快来抢购！
慕思乳胶床垫,家居生活,550,https://images.unsplash.com/photo-1505740420928-5e560c06d30e,品质卓越，性能出色，深受用户喜爱，是您的理想选择！
兰蔻小黑瓶精华肌底液,美妆护肤,1673,https://images.unsplash.com/photo-1523275335684-37898b6baf30,品质卓越，性能出色，深受用户喜爱，是您的理想选择！
雅诗兰黛小棕瓶眼霜,美妆护肤,919,https://images.unsplash.com/photo-1523275335684-37898b6baf30,热销爆款，好评如潮，品质保证，值得信赖！
贝亲宽口径奶瓶,母婴用品,838,https://images.unsplash.com/photo-1523275335684-37898b6baf30,新品上市，限时优惠，正品保障，假一赔十，快来抢购！
德芙巧克力礼盒装,食品饮料,228,https://images.unsplash.com/photo-1505740420928-5e560c06d30e,新品上市，限时优惠，正品保障，假一赔十，快来抢购！
迪卡侬自行车山地车,运动户外,1807,https://images.unsplash.com/photo-1485968579168-82ca61346455,新品上市，限时优惠，正品保障，假一赔十，快来抢购！
韩都衣舍连衣裙,服饰鞋包,773,https://images.unsplash.com/photo-1523275335684-37898b6baf30,精选优质材料，精细工艺，匠心打造，品质生活之选！
苏泊尔电压力锅,家居生活,506,https://images.unsplash.com/photo-1441986300917-64674bd600d8,精选优质材料，精细工艺，匠心打造，品质生活之选！
任天堂Switch OLED版,数码产品,7747,https://images.unsplash.com/photo-1485968579168-82ca61346455,新品上市，限时优惠，正品保障，假一赔十，快来抢购！
兰蔻小黑瓶精华肌底液,美妆护肤,720,https://images.unsplash.com/photo-1523275335684-37898b6baf30,正品行货，原厂直销，质量上乘，性价比高！
奥利奥饼干巧克力味,食品饮料,584,https://images.unsplash.com/photo-1484704849700-f032a568e944,热销爆款，好评如潮，品质保证，值得信赖！
迪卡侬滑板成人,运动户外,227,https://images.unsplash.com/photo-1441986300917-64674bd600d8,新品上市，限时优惠，正品保障，假一赔十，快来抢购！
阿迪达斯NMD R1跑鞋,服饰鞋包,2402,https://images.unsplash.com/photo-1505740420928-5e560c06d30e,正品行货，原厂直销，质量上乘，性价比高！
骆驼登山鞋户外鞋,运动户外,244,https://images.unsplash.com/photo-1485968579168-82ca61346455,品质卓越，性能出色，深受用户喜爱，是您的理想选择！
华为Mate 60 Pro 5G手机,数码产品,9928,https://images.unsplash.com/photo-1485968579168-82ca61346455,精选优质材料，精细工艺，匠心打造，品质生活之选！
晨光铅笔HB小学生,图书文具,1592,https://images.unsplash.com/photo-1441986300917-64674bd600d8,精选优质材料，精细工艺，匠心打造，品质生活之选！
OLAY小白瓶精华液,美妆护肤,650,https://images.unsplash.com/photo-1505740420928-5e560c06d30e,热销爆款，好评如潮，品质保证，值得信赖！
速比涛游泳装备全套,运动户外,1569,https://images.unsplash.com/photo-1485968579168-82ca61346455,新品上市，限时优惠，正品保障，假一赔十，快来抢购！
阿迪达斯NMD R1跑鞋,服饰鞋包,1887,https://images.unsplash.com/photo-1485968579168-82ca61346455,正品行货，原厂直销，质量上乘，性价比高！
优衣库UNIQLO羽绒服,服饰鞋包,2966,https://images.unsplash.com/photo-1441986300917-64674bd600d8,新品上市，限时优惠，正品保障，假一赔十，快来抢购！
可口可乐330ml*24罐,食品饮料,426,https://images.unsplash.com/photo-1441986300917-64674bd600d8,正品行货，原厂直销，质量上乘，性价比高！
索尼PS5游戏机光驱版,数码产品,6970,https://images.unsplash.com/photo-1441986300917-64674bd600d8,正品行货，原厂直销，质量上乘，性价比高！
良品铺子猪肉脯,食品饮料,500,https://images.unsplash.com/photo-1505740420928-5e560c06d30e,新品上市，限时优惠，正品保障，假一赔十，快来抢购！
旺旺大礼包,食品饮料,409,https://images.unsplash.com/photo-1505740420928-5e560c06d30e,精选优质材料，精细工艺，匠心打造，品质生活之选！
贝亲宽口径奶瓶,母婴用品,928,https://images.unsplash.com/photo-1441986300917-64674bd600d8,正品行货，原厂直销，质量上乘，性价比高！
苹果iPhone 15 Pro Max 256GB 深空黑,数码产品,5629,https://images.unsplash.com/photo-1441986300917-64674bd600d8,品质卓越，性能出色，深受用户喜爱，是您的理想选择！
晨光文具中性笔0.5mm,图书文具,1068,https://images.unsplash.com/photo-1505740420928-5e560c06d30e,精选优质材料，精细工艺，匠心打造，品质生活之选！
美赞臣蓝臻奶粉3段,母婴用品,366,https://images.unsplash.com/photo-1484704849700-f032a568e944,热销爆款，好评如潮，品质保证，值得信赖！
得力计算器财务用,图书文具,3790,https://images.unsplash.com/photo-1484704849700-f032a568e944,新品上市，限时优惠，正品保障，假一赔十，快来抢购！
安踏KT7篮球鞋,服饰鞋包,2604,https://images.unsplash.com/photo-1441986300917-64674bd600d8,精选优质材料，精细工艺，匠心打造，品质生活之选！
贝亲宽口径奶瓶,母婴用品,153,https://images.unsplash.com/photo-1484704849700-f032a568e944,新品上市，限时优惠，正品保障，假一赔十，快来抢购！
科沃斯擦窗机器人,家居生活,672,https://images.unsplash.com/photo-1523275335684-37898b6baf30,精选优质材料，精细工艺，匠心打造，品质生活之选！
德芙巧克力礼盒装,食品饮料,814,https://images.unsplash.com/photo-1485968579168-82ca61346455,品质卓越，性能出色，深受用户喜爱，是您的理想选择！
小龙哈彼婴儿推车,母婴用品,174,https://images.unsplash.com/photo-1505740420928-5e560c06d30e,品质卓越，性能出色，深受用户喜爱，是您的理想选择！
可口可乐330ml*24罐,食品饮料,188,https://images.unsplash.com/photo-1505740420928-5e560c06d30e,新品上市，限时优惠，正品保障，假一赔十，快来抢购！
美赞臣蓝臻奶粉3段,母婴用品,308,https://images.unsplash.com/photo-1484704849700-f032a568e944,品质卓越，性能出色，深受用户喜爱，是您的理想选择！
帮宝适绿帮纸尿裤XL码,母婴用品,161,https://images.unsplash.com/photo-1485968579168-82ca61346455,品质卓越，性能出色，深受用户喜爱，是您的理想选择！
香奈儿N°5淡香水,美妆护肤,385,https://images.unsplash.com/photo-1484704849700-f032a568e944,新品上市，限时优惠，正品保障，假一赔十，快来抢购！
尼康Z7 II全画幅相机,数码产品,1814,https://images.unsplash.com/photo-1441986300917-64674bd600d8,品质卓越，性能出色，深受用户喜爱，是您的理想选择！
小米14 Ultra 骁龙8 Gen3,数码产品,4806,https://images.unsplash.com/photo-1505740420928-5e560c06d30e,精选优质材料，精细工艺，匠心打造，品质生活之选！
得力文件资料册A4,图书文具,1439,https://images.unsplash.com/photo-1505740420928-5e560c06d30e,品质卓越，性能出色，深受用户喜爱，是您的理想选择！
全棉时代婴儿棉柔巾,母婴用品,119,https://images.unsplash.com/photo-1441986300917-64674bd600d8,热销爆款，好评如潮，品质保证，值得信赖！
美的电饭煲4L智能,家居生活,2243,https://images.unsplash.com/photo-1484704849700-f032a568e944,正品行货，原厂直销，质量上乘，性价比高！
速比涛游泳装备全套,运动户外,317,https://images.unsplash.com/photo-1523275335684-37898b6baf30,品质卓越，性能出色，深受用户喜爱，是您的理想选择！
雅诗兰黛小棕瓶眼霜,美妆护肤,307,https://images.unsplash.com/photo-1523275335684-37898b6baf30,正品行货，原厂直销，质量上乘，性价比高！
小米14 Ultra 骁龙8 Gen3,数码产品,9001,https://images.unsplash.com/photo-1484704849700-f032a568e944,精选优质材料，精细工艺，匠心打造，品质生活之选！
索尼PS5游戏机光驱版,数码产品,2910,https://images.unsplash.com/photo-1505740420928-5e560c06d30e,正品行货，原厂直销，质量上乘，性价比高！
帮宝适绿帮纸尿裤XL码,母婴用品,505,https://images.unsplash.com/photo-1485968579168-82ca61346455,新品上市，限时优惠，正品保障，假一赔十，快来抢购！
小龙哈彼婴儿推车,母婴用品,678,https://images.unsplash.com/photo-1484704849700-f032a568e944,品质卓越，性能出色，深受用户喜爱，是您的理想选择！
速比涛游泳装备全套,运动户外,1509,https://images.unsplash.com/photo-1523275335684-37898b6baf30,热销爆款，好评如潮，品质保证，值得信赖！
可优比婴儿床围栏,母婴用品,787,https://images.unsplash.com/photo-1505740420928-5e560c06d30e,正品行货，原厂直销，质量上乘，性价比高！
美赞臣蓝臻奶粉2段,母婴用品,425,https://images.unsplash.com/photo-1484704849700-f032a568e944,精选优质材料，精细工艺，匠心打造，品质生活之选！
得力打印纸A4复印纸,图书文具,1714,https://images.unsplash.com/photo-1505740420928-5e560c06d30e,热销爆款，好评如潮，品质保证，值得信赖！
耐克Air Jordan 1芝加哥限定,服饰鞋包,2912,https://images.unsplash.com/photo-1523275335684-37898b6baf30,正品行货，原厂直销，质量上乘，性价比高！
阿迪达斯NMD R1跑鞋,服饰鞋包,72,https://images.unsplash.com/photo-1441986300917-64674bd600d8,精选优质材料，精细工艺，匠心打造，品质生活之选！
优衣库UNIQLO羽绒服,服饰鞋包,1238,https://images.unsplash.com/photo-1523275335684-37898b6baf30,品质卓越，性能出色，深受用户喜爱，是您的理想选择！
香奈儿N°5淡香水,美妆护肤,1809,https://images.unsplash.com/photo-1523275335684-37898b6baf30,热销爆款，好评如潮，品质保证，值得信赖！
活着 余华正版书籍,图书文具,252,https://images.unsplash.com/photo-1484704849700-f032a568e944,新品上市，限时优惠，正品保障，假一赔十，快来抢购！
苏泊尔电压力锅,家居生活,1248,https://images.unsplash.com/photo-1523275335684-37898b6baf30,新品上市，限时优惠，正品保障，假一赔十，快来抢购！
迪卡侬自行车山地车,运动户外,1601,https://images.unsplash.com/photo-1484704849700-f032a568e944,新品上市，限时优惠，正品保障，假一赔十，快来抢购！
华为Mate 60 Pro 5G手机,数码产品,2837,https://images.unsplash.com/photo-1441986300917-64674bd600d8,精选优质材料，精细工艺，匠心打造，品质生活之选！
Coach蔻驰单肩斜挎包,服饰鞋包,2261,https://images.unsplash.com/photo-1441986300917-64674bd600d8,正品行货，原厂直销，质量上乘，性价比高！
可优比婴儿床围栏,母婴用品,667,https://images.unsplash.com/photo-1523275335684-37898b6baf30,品质卓越，性能出色，深受用户喜爱，是您的理想选择！
斯伯丁篮球NBA系列,运动户外,1634,https://images.unsplash.com/photo-1484704849700-f032a568e944,热销爆款，好评如潮，品质保证，值得信赖！
乐亲婴儿摇椅,母婴用品,307,https://images.unsplash.com/photo-1505740420928-5e560c06d30e,新品上市，限时优惠，正品保障，假一赔十，快来抢购！
小米14 Ultra 骁龙8 Gen3,数码产品,3040,https://images.unsplash.com/photo-1484704849700-f032a568e944,品质卓越，性能出色，深受用户喜爱，是您的理想选择！
植村秀琥珀卸妆油,美妆护肤,499,https://images.unsplash.com/photo-1441986300917-64674bd600d8,热销爆款，好评如潮，品质保证，值得信赖！
兰蔻小黑瓶精华肌底液,美妆护肤,294,https://images.unsplash.com/photo-1441986300917-64674bd600d8,新品上市，限时优惠，正品保障，假一赔十，快来抢购！
帮宝适绿帮纸尿裤XL码,母婴用品,748,https://images.unsplash.com/photo-1441986300917-64674bd600d8,热销爆款，好评如潮，品质保证，值得信赖！
三只松鼠坚果礼盒,食品饮料,926,https://images.unsplash.com/photo-1484704849700-f032a568e944,热销爆款，好评如潮，品质保证，值得信赖！
迪卡侬瑜伽垫防滑健身垫,运动户外,352,https://images.unsplash.com/photo-1485968579168-82ca61346455,正品行货，原厂直销，质量上乘，性价比高！
kindle Paperwhite电子书,图书文具,452,https://images.unsplash.com/photo-1523275335684-37898b6baf30,精选优质材料，精细工艺，匠心打造，品质生活之选！
良品铺子猪肉脯,食品饮料,426,https://images.unsplash.com/photo-1523275335684-37898b6baf30,热销爆款，好评如潮，品质保证，值得信赖！
贝亲宽口径奶瓶,母婴用品,698,https://images.unsplash.com/photo-1523275335684-37898b6baf30,正品行货，原厂直销，质量上乘，性价比高！
海蓝之谜精华面霜,美妆护肤,559,https://images.unsplash.com/photo-1505740420928-5e560c06d30e,精选优质材料，精细工艺，匠心打造，品质生活之选！
迪卡侬瑜伽垫防滑健身垫,运动户外,168,https://images.unsplash.com/photo-1505740420928-5e560c06d30e,新品上市，限时优惠，正品保障，假一赔十，快来抢购！
星巴克咖啡豆中度烘焙,食品饮料,227,https://images.unsplash.com/photo-1484704849700-f032a568e944,精选优质材料，精细工艺，匠心打造，品质生活之选！
三体全集刘慈欣科幻小说,图书文具,2649,https://images.unsplash.com/photo-1485968579168-82ca61346455,新品上市，限时优惠，正品保障，假一赔十，快来抢购！
宜家POÄNG波昂扶手椅,家居生活,166,https://images.unsplash.com/photo-1441986300917-64674bd600d8,热销爆款，好评如潮，品质保证，值得信赖！
Keep健身器械家用,运动户外,1457,https://images.unsplash.com/photo-1505740420928-5e560c06d30e,品质卓越，性能出色，深受用户喜爱，是您的理想选择！
乐亲婴儿摇椅,母婴用品,772,https://images.unsplash.com/photo-1441986300917-64674bd600d8,热销爆款，好评如潮，品质保证，值得信赖！
活着 余华正版书籍,图书文具,4699,https://images.unsplash.com/photo-1441986300917-64674bd600d8,新品上市，限时优惠，正品保障，假一赔十，快来抢购！
华为MatePad Pro平板电脑,图书文具,870,https://images.unsplash.com/photo-1485968579168-82ca61346455,新品上市，限时优惠，正品保障，假一赔十，快来抢购！
迪卡侬滑板成人,运动户外,204,https://images.unsplash.com/photo-1523275335684-37898b6baf30,正品行货，原厂直销，质量上乘，性价比高！
百草味牛肉干,食品饮料,510,https://images.unsplash.com/photo-1441986300917-64674bd600d8,品质卓越，性能出色，深受用户喜爱，是您的理想选择！
费雪学步车玩具,母婴用品,920,https://images.unsplash.com/photo-1484704849700-f032a568e944,品质卓越，性能出色，深受用户喜爱，是您的理想选择！
迪卡侬滑板成人,运动户外,650,https://images.unsplash.com/photo-1441986300917-64674bd600d8,品质卓越，性能出色，深受用户喜爱，是您的理想选择！
费雪学步车玩具,母婴用品,835,https://images.unsplash.com/photo-1523275335684-37898b6baf30,正品行货，原厂直销，质量上乘，性价比高！
小米扫地机器人扫拖一体,家居生活,2874,https://images.unsplash.com/photo-1505740420928-5e560c06d30e,正品行货，原厂直销，质量上乘，性价比高！
科颜氏高保湿面霜,美妆护肤,188,https://images.unsplash.com/photo-1441986300917-64674bd600d8,精选优质材料，精细工艺，匠心打造，品质生活之选！
美赞臣蓝臻奶粉2段,母婴用品,416,https://images.unsplash.com/photo-1485968579168-82ca61346455,精选优质材料，精细工艺，匠心打造，品质生活之选！
迪卡侬滑板成人,运动户外,1955,https://images.unsplash.com/photo-1505740420928-5e560c06d30e,正品行货，原厂直销，质量上乘，性价比高！
帮宝适绿帮纸尿裤XL码,母婴用品,58,https://images.unsplash.com/photo-1484704849700-f032a568e944,品质卓越，性能出色，深受用户喜爱，是您的理想选择！
索尼PS5游戏机光驱版,数码产品,1480,https://images.unsplash.com/photo-1441986300917-64674bd600d8,精选优质材料，精细工艺，匠心打造，品质生活之选！
MacBook Pro 14英寸,数码产品,3065,https://images.unsplash.com/photo-1505740420928-5e560c06d30e,正品行货，原厂直销，质量上乘，性价比高！
费雪学步车玩具,母婴用品,10,https://images.unsplash.com/photo-1484704849700-f032a568e944,精选优质材料，精细工艺，匠心打造，品质生活之选！
旺旺大礼包,食品饮料,356,https://images.unsplash.com/photo-1441986300917-64674bd600d8,品质卓越，性能出色，深受用户喜爱，是您的理想选择！
可口可乐330ml*24罐,食品饮料,416,https://images.unsplash.com/photo-1485968579168-82ca61346455,热销爆款，好评如潮，品质保证，值得信赖！
小米扫地机器人扫拖一体,家居生活,357,https://images.unsplash.com/photo-1441986300917-64674bd600d8,正品行货，原厂直销，质量上乘，性价比高！
iPad Pro 12.9英寸 M4芯片,数码产品,7847,https://images.unsplash.com/photo-1523275335684-37898b6baf30,品质卓越，性能出色，深受用户喜爱，是您的理想选择！
科沃斯擦窗机器人,家居生活,2920,https://images.unsplash.com/photo-1485968579168-82ca61346455,正品行货，原厂直销，质量上乘，性价比高！
尼康Z7 II全画幅相机,数码产品,9760,https://images.unsplash.com/photo-1505740420928-5e560c06d30e,正品行货，原厂直销，质量上乘，性价比高！
兰蔻小黑瓶精华肌底液,美妆护肤,1485,https://images.unsplash.com/photo-1505740420928-5e560c06d30e,品质卓越，性能出色，深受用户喜爱，是您的理想选择！
可口可乐330ml*24罐,食品饮料,198,https://images.unsplash.com/photo-1505740420928-5e560c06d30e,正品行货，原厂直销，质量上乘，性价比高！
水星家纺四件套,家居生活,2646,https://images.unsplash.com/photo-1523275335684-37898b6baf30,正品行货，原厂直销，质量上乘，性价比高！
New Balance 574运动鞋,服饰鞋包,354,https://images.unsplash.com/photo-1484704849700-f032a568e944,新品上市，限时优惠，正品保障，假一赔十，快来抢购！
旺旺大礼包,食品饮料,735,https://images.unsplash.com/photo-1441986300917-64674bd600d8,新品上市，限时优惠，正品保障，假一赔十，快来抢购！
水星家纺四件套,家居生活,2895,https://images.unsplash.com/photo-1484704849700-f032a568e944,正品行货，原厂直销，质量上乘，性价比高！
美赞臣蓝臻奶粉3段,母婴用品,802,https://images.unsplash.com/photo-1523275335684-37898b6baf30,正品行货，原厂直销，质量上乘，性价比高！
良品铺子猪肉脯,食品饮料,101,https://images.unsplash.com/photo-1485968579168-82ca61346455,正品行货，原厂直销，质量上乘，性价比高！
索尼WH-1000XM5降噪耳机,数码产品,1581,https://images.unsplash.com/photo-1505740420928-5e560c06d30e,热销爆款，好评如潮，品质保证，值得信赖！
阿迪达斯NMD R1跑鞋,服饰鞋包,703,https://images.unsplash.com/photo-1441986300917-64674bd600d8,新品上市，限时优惠，正品保障，假一赔十，快来抢购！
尼康Z7 II全画幅相机,数码产品,6389,https://images.unsplash.com/photo-1523275335684-37898b6baf30,品质卓越，性能出色，深受用户喜爱，是您的理想选择！
得力文件资料册A4,图书文具,4189,https://images.unsplash.com/photo-1484704849700-f032a568e944,精选优质材料，精细工艺，匠心打造，品质生活之选！
植村秀琥珀卸妆油,美妆护肤,187,https://images.unsplash.com/photo-1505740420928-5e560c06d30e,新品上市，限时优惠，正品保障，假一赔十，快来抢购！
Keep健身器械家用,运动户外,1371,https://images.unsplash.com/photo-1441986300917-64674bd600d8,品质卓越，性能出色，深受用户喜爱，是您的理想选择！
植村秀琥珀卸妆油,美妆护肤,1960,https://images.unsplash.com/photo-1485968579168-82ca61346455,正品行货，原厂直销，质量上乘，性价比高！
戴森V15吸尘器,家居生活,1306,https://images.unsplash.com/photo-1523275335684-37898b6baf30,新品上市，限时优惠，正品保障，假一赔十，快来抢购！
好奇铂金装纸尿裤,母婴用品,537,https://images.unsplash.com/photo-1485968579168-82ca61346455,精选优质材料，精细工艺，匠心打造，品质生活之选！
三只松鼠坚果礼盒,食品饮料,808,https://images.unsplash.com/photo-1485968579168-82ca61346455,正品行货，原厂直销，质量上乘，性价比高！
索尼WH-1000XM5降噪耳机,数码产品,3424,https://images.unsplash.com/photo-1523275335684-37898b6baf30,精选优质材料，精细工艺，匠心打造，品质生活之选！
斯伯丁篮球NBA系列,运动户外,1217,https://images.unsplash.com/photo-1484704849700-f032a568e944,热销爆款，好评如潮，品质保证，值得信赖！
小米扫地机器人扫拖一体,家居生活,2226,https://images.unsplash.com/photo-1485968579168-82ca61346455,新品上市，限时优惠，正品保障，假一赔十，快来抢购！
小米14 Ultra 骁龙8 Gen3,数码产品,6839,https://images.unsplash.com/photo-1523275335684-37898b6baf30,热销爆款，好评如潮，品质保证，值得信赖！
得力打印纸A4复印纸,图书文具,1549,https://images.unsplash.com/photo-1523275335684-37898b6baf30,精选优质材料，精细工艺，匠心打造，品质生活之选！
可口可乐330ml*24罐,食品饮料,688,https://images.unsplash.com/photo-1484704849700-f032a568e944,正品行货，原厂直销，质量上乘，性价比高！
慕思乳胶床垫,家居生活,2320,https://images.unsplash.com/photo-1523275335684-37898b6baf30,精选优质材料，精细工艺，匠心打造，品质生活之选！
美赞臣蓝臻奶粉3段,母婴用品,569,https://images.unsplash.com/photo-1485968579168-82ca61346455,新品上市，限时优惠，正品保障，假一赔十，快来抢购！
奥利奥饼干巧克力味,食品饮料,527,https://images.unsplash.com/photo-1485968579168-82ca61346455,品质卓越，性能出色，深受用户喜爱，是您的理想选择！
苏泊尔电压力锅,家居生活,2730,https://images.unsplash.com/photo-1484704849700-f032a568e944,品质卓越，性能出色，深受用户喜爱，是您的理想选择！
尼康Z7 II全画幅相机,数码产品,7877,https://images.unsplash.com/photo-1485968579168-82ca61346455,品质卓越，性能出色，深受用户喜爱，是您的理想选择！
Keep健身器械家用,运动户外,360,https://images.unsplash.com/photo-1523275335684-37898b6baf30,品质卓越，性能出色，深受用户喜爱，是您的理想选择！
明朝那些事儿当年明月,图书文具,1257,https://images.unsplash.com/photo-1484704849700-f032a568e944,品质卓越，性能出色，深受用户喜爱，是您的理想选择！
得力计算器财务用,图书文具,4983,https://images.unsplash.com/photo-1523275335684-37898b6baf30,新品上市，限时优惠，正品保障，假一赔十，快来抢购！
飞利浦电动牙刷HX9352,家居生活,1442,https://images.unsplash.com/photo-1485968579168-82ca61346455,正品行货，原厂直销，质量上乘，性价比高！
苹果iPhone 15 Pro Max 256GB 深空黑,数码产品,2024,https://images.unsplash.com/photo-1523275335684-37898b6baf30,新品上市，限时优惠，正品保障，假一赔十，快来抢购！
水星家纺四件套,家居生活,2415,https://images.unsplash.com/photo-1484704849700-f032a568e944,正品行货，原厂直销，质量上乘，性价比高！
恒源祥男士商务衬衫,服饰鞋包,2933,https://images.unsplash.com/photo-1441986300917-64674bd600d8,热销爆款，好评如潮，品质保证，值得信赖！
好奇铂金装纸尿裤,母婴用品,331,https://images.unsplash.com/photo-1505740420928-5e560c06d30e,新品上市，限时优惠，正品保障，假一赔十，快来抢购！
华为Mate 60 Pro 5G手机,数码产品,7062,https://images.unsplash.com/photo-1441986300917-64674bd600d8,品质卓越，性能出色，深受用户喜爱，是您的理想选择！
kindle Paperwhite电子书,图书文具,3736,https://images.unsplash.com/photo-1505740420928-5e560c06d30e,正品行货，原厂直销，质量上乘，性价比高！
韩都衣舍连衣裙,服饰鞋包,2174,https://images.unsplash.com/photo-1505740420928-5e560c06d30e,热销爆款，好评如潮，品质保证，值得信赖！
AirPods Pro 2代,数码产品,3168,https://images.unsplash.com/photo-1441986300917-64674bd600d8,精选优质材料，精细工艺，匠心打造，品质生活之选！
兰蔻小黑瓶精华肌底液,美妆护肤,1186,https://images.unsplash.com/photo-1441986300917-64674bd600d8,精选优质材料，精细工艺，匠心打造，品质生活之选！
晨光铅笔HB小学生,图书文具,171,https://images.unsplash.com/photo-1523275335684-37898b6baf30,品质卓越，性能出色，深受用户喜爱，是您的理想选择！
索尼WH-1000XM5降噪耳机,数码产品,6104,https://images.unsplash.com/photo-1484704849700-f032a568e944,正品行货，原厂直销，质量上乘，性价比高！
安踏KT7篮球鞋,服饰鞋包,998,https://images.unsplash.com/photo-1484704849700-f032a568e944,热销爆款，好评如潮，品质保证，值得信赖！
斯伯丁篮球NBA系列,运动户外,1377,https://images.unsplash.com/photo-1523275335684-37898b6baf30,精选优质材料，精细工艺，匠心打造，品质生活之选！
小米扫地机器人扫拖一体,家居生活,1024,https://images.unsplash.com/photo-1485968579168-82ca61346455,新品上市，限时优惠，正品保障，假一赔十，快来抢购！
晨光铅笔HB小学生,图书文具,191,https://images.unsplash.com/photo-1523275335684-37898b6baf30,品质卓越，性能出色，深受用户喜爱，是您的理想选择！
迪卡侬滑板成人,运动户外,1430,https://images.unsplash.com/photo-1523275335684-37898b6baf30,精选优质材料，精细工艺，匠心打造，品质生活之选！
农夫山泉矿泉水24瓶,食品饮料,557,https://images.unsplash.com/photo-1505740420928-5e560c06d30e,热销爆款，好评如潮，品质保证，值得信赖！
耐克Air Jordan 1芝加哥限定,服饰鞋包,2356,https://images.unsplash.com/photo-1505740420928-5e560c06d30e,新品上市，限时优惠，正品保障，假一赔十，快来抢购！
任天堂Switch OLED版,数码产品,4870,https://images.unsplash.com/photo-1484704849700-f032a568e944,热销爆款，好评如潮，品质保证，值得信赖！
海蓝之谜精华面霜,美妆护肤,1379,https://images.unsplash.com/photo-1441986300917-64674bd600d8,品质卓越，性能出色，深受用户喜爱，是您的理想选择！
良品铺子猪肉脯,食品饮料,370,https://images.unsplash.com/photo-1441986300917-64674bd600d8,新品上市，限时优惠，正品保障，假一赔十，快来抢购！
AirPods Pro 2代,数码产品,3421,https://images.unsplash.com/photo-1484704849700-f032a568e944,品质卓越，性能出色，深受用户喜爱，是您的理想选择！
科沃斯擦窗机器人,家居生活,2007,https://images.unsplash.com/photo-1484704849700-f032a568e944,精选优质材料，精细工艺，匠心打造，品质生活之选！
Keep健身器械家用,运动户外,187,https://images.unsplash.com/photo-1485968579168-82ca61346455,精选优质材料，精细工艺，匠心打造，品质生活之选！
农夫山泉矿泉水24瓶,食品饮料,448,https://images.unsplash.com/photo-1484704849700-f032a568e944,精选优质材料，精细工艺，匠心打造，品质生活之选！
得力文件资料册A4,图书文具,4918,https://images.unsplash.com/photo-1505740420928-5e560c06d30e,热销爆款，好评如潮，品质保证，值得信赖！
美赞臣蓝臻奶粉3段,母婴用品,871,https://images.unsplash.com/photo-1523275335684-37898b6baf30,新品上市，限时优惠，正品保障，假一赔十，快来抢购！
OLAY小白瓶精华液,美妆护肤,445,https://images.unsplash.com/photo-1484704849700-f032a568e944,品质卓越，性能出色，深受用户喜爱，是您的理想选择！
活着 余华正版书籍,图书文具,451,https://images.unsplash.com/photo-1484704849700-f032a568e944,精选优质材料，精细工艺，匠心打造，品质生活之选！
恒源祥男士商务衬衫,服饰鞋包,1941,https://images.unsplash.com/photo-1485968579168-82ca61346455,正品行货，原厂直销，质量上乘，性价比高！
得力打印纸A4复印纸,图书文具,4159,https://images.unsplash.com/photo-1484704849700-f032a568e944,正品行货，原厂直销，质量上乘，性价比高！
阿迪达斯NMD R1跑鞋,服饰鞋包,200,https://images.unsplash.com/photo-1441986300917-64674bd600d8,新品上市，限时优惠，正品保障，假一赔十，快来抢购！
美赞臣蓝臻奶粉3段,母婴用品,612,https://images.unsplash.com/photo-1523275335684-37898b6baf30,精选优质材料，精细工艺，匠心打造，品质生活之选！
得力计算器财务用,图书文具,3490,https://images.unsplash.com/photo-1505740420928-5e560c06d30e,品质卓越，性能出色，深受用户喜爱，是您的理想选择！
三只松鼠坚果礼盒,食品饮料,651,https://images.unsplash.com/photo-1523275335684-37898b6baf30,品质卓越，性能出色，深受用户喜爱，是您的理想选择！
美赞臣蓝臻奶粉3段,母婴用品,175,https://images.unsplash.com/photo-1441986300917-64674bd600d8,热销爆款，好评如潮，品质保证，值得信赖！
美的电饭煲4L智能,家居生活,1518,https://images.unsplash.com/photo-1441986300917-64674bd600d8,品质卓越，性能出色，深受用户喜爱，是您的理想选择！
百草味牛肉干,食品饮料,385,https://images.unsplash.com/photo-1441986300917-64674bd600d8,正品行货，原厂直销，质量上乘，性价比高！
速比涛游泳装备全套,运动户外,349,https://images.unsplash.com/photo-1485968579168-82ca61346455,品质卓越，性能出色，深受用户喜爱，是您的理想选择！
优衣库UNIQLO羽绒服,服饰鞋包,2954,https://images.unsplash.com/photo-1441986300917-64674bd600d8,正品行货，原厂直销，质量上乘，性价比高！
MacBook Pro 14英寸,数码产品,9912,https://images.unsplash.com/photo-1441986300917-64674bd600d8,品质卓越，性能出色，深受用户喜爱，是您的理想选择！
苏泊尔电压力锅,家居生活,256,https://images.unsplash.com/photo-1505740420928-5e560c06d30e,正品行货，原厂直销，质量上乘，性价比高！
New Balance 574运动鞋,服饰鞋包,2853,https://images.unsplash.com/photo-1484704849700-f032a568e944,热销爆款，好评如潮，品质保证，值得信赖！
华为MatePad Pro平板电脑,图书文具,3176,https://images.unsplash.com/photo-1505740420928-5e560c06d30e,正品行货，原厂直销，质量上乘，性价比高！
斯伯丁篮球NBA系列,运动户外,1354,https://images.unsplash.com/photo-1523275335684-37898b6baf30,品质卓越，性能出色，深受用户喜爱，是您的理想选择！
乐亲婴儿摇椅,母婴用品,81,https://images.unsplash.com/photo-1441986300917-64674bd600d8,品质卓越，性能出色，深受用户喜爱，是您的理想选择！
安踏KT7篮球鞋,服饰鞋包,1281,https://images.unsplash.com/photo-1523275335684-37898b6baf30,热销爆款，好评如潮，品质保证，值得信赖！
苏泊尔电压力锅,家居生活,300,https://images.unsplash.com/photo-1523275335684-37898b6baf30,精选优质材料，精细工艺，匠心打造，品质生活之选！
美赞臣蓝臻奶粉2段,母婴用品,722,https://images.unsplash.com/photo-1484704849700-f032a568e944,品质卓越，性能出色，深受用户喜爱，是您的理想选择！
好奇铂金装纸尿裤,母婴用品,617,https://images.unsplash.com/photo-1484704849700-f032a568e944,新品上市，限时优惠，正品保障，假一赔十，快来抢购！
骆驼登山鞋户外鞋,运动户外,623,https://images.unsplash.com/photo-1484704849700-f032a568e944,热销爆款，好评如潮，品质保证，值得信赖！
Keep健身器械家用,运动户外,963,https://images.unsplash.com/photo-1523275335684-37898b6baf30,精选优质材料，精细工艺，匠心打造，品质生活之选！
索尼PS5游戏机光驱版,数码产品,8038,https://images.unsplash.com/photo-1441986300917-64674bd600d8,正品行货，原厂直销，质量上乘，性价比高！
Lululemon瑜伽垫,服饰鞋包,2209,https://images.unsplash.com/photo-1505740420928-5e560c06d30e,新品上市，限时优惠，正品保障，假一赔十，快来抢购！
费雪学步车玩具,母婴用品,258,https://images.unsplash.com/photo-1505740420928-5e560c06d30e,精选优质材料，精细工艺，匠心打造，品质生活之选！
美赞臣蓝臻奶粉3段,母婴用品,256,https://images.unsplash.com/photo-1484704849700-f032a568e944,正品行货，原厂直销，质量上乘，性价比高！
美赞臣蓝臻奶粉3段,母婴用品,843,https://images.unsplash.com/photo-1441986300917-64674bd600d8,品质卓越，性能出色，深受用户喜爱，是您的理想选择！
小米14 Ultra 骁龙8 Gen3,数码产品,2141,https://images.unsplash.com/photo-1441986300917-64674bd600d8,品质卓越，性能出色，深受用户喜爱，是您的理想选择！
OLAY小白瓶精华液,美妆护肤,1469,https://images.unsplash.com/photo-1485968579168-82ca61346455,正品行货，原厂直销，质量上乘，性价比高！
三只松鼠每日坚果,食品饮料,621,https://images.unsplash.com/photo-1441986300917-64674bd600d8,正品行货，原厂直销，质量上乘，性价比高！
慕思乳胶床垫,家居生活,187,https://images.unsplash.com/photo-1505740420928-5e560c06d30e,品质卓越，性能出色，深受用户喜爱，是您的理想选择！
小龙哈彼婴儿推车,母婴用品,237,https://images.unsplash.com/photo-1485968579168-82ca61346455,品质卓越，性能出色，深受用户喜爱，是您的理想选择！
苏泊尔电压力锅,家居生活,352,https://images.unsplash.com/photo-1523275335684-37898b6baf30,正品行货，原厂直销，质量上乘，性价比高！
牧高笛帐篷户外露营,运动户外,108,https://images.unsplash.com/photo-1484704849700-f032a568e944,热销爆款，好评如潮，品质保证，值得信赖！
可优比婴儿床围栏,母婴用品,343,https://images.unsplash.com/photo-1441986300917-64674bd600d8,品质卓越，性能出色，深受用户喜爱，是您的理想选择！
三体全集刘慈欣科幻小说,图书文具,1081,https://images.unsplash.com/photo-1485968579168-82ca61346455,热销爆款，好评如潮，品质保证，值得信赖！
安踏KT7篮球鞋,服饰鞋包,1739,https://images.unsplash.com/photo-1485968579168-82ca61346455,品质卓越，性能出色，深受用户喜爱，是您的理想选择！
优衣库UNIQLO羽绒服,服饰鞋包,1073,https://images.unsplash.com/photo-1523275335684-37898b6baf30,精选优质材料，精细工艺，匠心打造，品质生活之选！
牧高笛帐篷户外露营,运动户外,619,https://images.unsplash.com/photo-1441986300917-64674bd600d8,正品行货，原厂直销，质量上乘，性价比高！
苏泊尔电压力锅,家居生活,2104,https://images.unsplash.com/photo-1441986300917-64674bd600d8,品质卓越，性能出色，深受用户喜爱，是您的理想选择！
恒源祥男士商务衬衫,服饰鞋包,1669,https://images.unsplash.com/photo-1441986300917-64674bd600d8,新品上市，限时优惠，正品保障，假一赔十，快来抢购！
贝亲宽口径奶瓶,母婴用品,307,https://images.unsplash.com/photo-1441986300917-64674bd600d8,品质卓越，性能出色，深受用户喜爱，是您的理想选择！
海蓝之谜精华面霜,美妆护肤,1806,https://images.unsplash.com/photo-1523275335684-37898b6baf30,热销爆款，好评如潮，品质保证，值得信赖！
得力文件资料册A4,图书文具,2499,https://images.unsplash.com/photo-1523275335684-37898b6baf30,精选优质材料，精细工艺，匠心打造，品质生活之选！
AirPods Pro 2代,数码产品,1374,https://images.unsplash.com/photo-1485968579168-82ca61346455,新品上市，限时优惠，正品保障，假一赔十，快来抢购！
全棉时代婴儿棉柔巾,母婴用品,725,https://images.unsplash.com/photo-1441986300917-64674bd600d8,新品上市，限时优惠，正品保障，假一赔十，快来抢购！
小龙哈彼婴儿推车,母婴用品,608,https://images.unsplash.com/photo-1441986300917-64674bd600d8,热销爆款，好评如潮，品质保证，值得信赖！
美赞臣蓝臻奶粉2段,母婴用品,833,https://images.unsplash.com/photo-1441986300917-64674bd600d8,热销爆款，好评如潮，品质保证，值得信赖！
水星家纺四件套,家居生活,762,https://images.unsplash.com/photo-1484704849700-f032a568e944,精选优质材料，精细工艺，匠心打造，品质生活之选！
明朝那些事儿当年明月,图书文具,4997,https://images.unsplash.com/photo-1484704849700-f032a568e944,品质卓越，性能出色，深受用户喜爱，是您的理想选择！
AirPods Pro 2代,数码产品,6070,https://images.unsplash.com/photo-1505740420928-5e560c06d30e,精选优质材料，精细工艺，匠心打造，品质生活之选！
香奈儿N°5淡香水,美妆护肤,228,https://images.unsplash.com/photo-1505740420928-5e560c06d30e,新品上市，限时优惠，正品保障，假一赔十，快来抢购！
农夫山泉矿泉水24瓶,食品饮料,391,https://images.unsplash.com/photo-1441986300917-64674bd600d8,品质卓越，性能出色，深受用户喜爱，是您的理想选择！
Coach蔻驰单肩斜挎包,服饰鞋包,505,https://images.unsplash.com/photo-1484704849700-f032a568e944,新品上市，限时优惠，正品保障，假一赔十，快来抢购！
戴森V15吸尘器,家居生活,1865,https://images.unsplash.com/photo-1523275335684-37898b6baf30,品质卓越，性能出色，深受用户喜爱，是您的理想选择！
索尼WH-1000XM5降噪耳机,数码产品,9842,https://images.unsplash.com/photo-1484704849700-f032a568e944,精选优质材料，精细工艺，匠心打造，品质生活之选！
百丽女靴秋冬款,服饰鞋包,1575,https://images.unsplash.com/photo-1523275335684-37898b6baf30,新品上市，限时优惠，正品保障，假一赔十，快来抢购！
Coach蔻驰单肩斜挎包,服饰鞋包,2629,https://images.unsplash.com/photo-1441986300917-64674bd600d8,新品上市，限时优惠，正品保障，假一赔十，快来抢购！
迪卡侬瑜伽垫防滑健身垫,运动户外,947,https://images.unsplash.com/photo-1505740420928-5e560c06d30e,热销爆款，好评如潮，品质保证，值得信赖！
Lululemon瑜伽垫,服饰鞋包,2049,https://images.unsplash.com/photo-1505740420928-5e560c06d30e,品质卓越，性能出色，深受用户喜爱，是您的理想选择！
水星家纺四件套,家居生活,874,https://images.unsplash.com/photo-1523275335684-37898b6baf30,热销爆款，好评如潮，品质保证，值得信赖！
雅诗兰黛小棕瓶眼霜,美妆护肤,898,https://images.unsplash.com/photo-1441986300917-64674bd600d8,热销爆款，好评如潮，品质保证，值得信赖！
索尼PS5游戏机光驱版,数码产品,6086,https://images.unsplash.com/photo-1484704849700-f032a568e944,热销爆款，好评如潮，品质保证，值得信赖！
百草味牛肉干,食品饮料,189,https://images.unsplash.com/photo-1441986300917-64674bd600d8,精选优质材料，精细工艺，匠心打造，品质生活之选！
迪卡侬滑板成人,运动户外,1083,https://images.unsplash.com/photo-1523275335684-37898b6baf30,正品行货，原厂直销，质量上乘，性价比高！
AirPods Pro 2代,数码产品,4473,https://images.unsplash.com/photo-1441986300917-64674bd600d8,新品上市，限时优惠，正品保障，假一赔十，快来抢购！
OLAY小白瓶精华液,美妆护肤,586,https://images.unsplash.com/photo-1441986300917-64674bd600d8,精选优质材料，精细工艺，匠心打造，品质生活之选！
植村秀琥珀卸妆油,美妆护肤,1793,https://images.unsplash.com/photo-1441986300917-64674bd600d8,热销爆款，好评如潮，品质保证，值得信赖！
活着 余华正版书籍,图书文具,4112,https://images.unsplash.com/photo-1505740420928-5e560c06d30e,品质卓越，性能出色，深受用户喜爱，是您的理想选择！
飞利浦电动牙刷HX9352,家居生活,889,https://images.unsplash.com/photo-1484704849700-f032a568e944,热销爆款，好评如潮，品质保证，值得信赖！
牧高笛帐篷户外露营,运动户外,909,https://images.unsplash.com/photo-1523275335684-37898b6baf30,精选优质材料，精细工艺，匠心打造，品质生活之选！
飞利浦电动牙刷HX9352,家居生活,880,https://images.unsplash.com/photo-1523275335684-37898b6baf30,新品上市，限时优惠，正品保障，假一赔十，快来抢购！
iPad Pro 12.9英寸 M4芯片,数码产品,3909,https://images.unsplash.com/photo-1505740420928-5e560c06d30e,正品行货，原厂直销，质量上乘，性价比高！
索尼WH-1000XM5降噪耳机,数码产品,7095,https://images.unsplash.com/photo-1505740420928-5e560c06d30e,新品上市，限时优惠，正品保障，假一赔十，快来抢购！
百丽女靴秋冬款,服饰鞋包,1220,https://images.unsplash.com/photo-1485968579168-82ca61346455,新品上市，限时优惠，正品保障，假一赔十，快来抢购！
奥利奥饼干巧克力味,食品饮料,884,https://images.unsplash.com/photo-1523275335684-37898b6baf30,新品上市，限时优惠，正品保障，假一赔十，快来抢购！
迪卡侬滑板成人,运动户外,1165,https://images.unsplash.com/photo-1523275335684-37898b6baf30,正品行货，原厂直销，质量上乘，性价比高！
得力打印纸A4复印纸,图书文具,2544,https://images.unsplash.com/photo-1523275335684-37898b6baf30,正品行货，原厂直销，质量上乘，性价比高！
韩都衣舍连衣裙,服饰鞋包,984,https://images.unsplash.com/photo-1485968579168-82ca61346455,新品上市，限时优惠，正品保障，假一赔十，快来抢购！
韩都衣舍连衣裙,服饰鞋包,1744,https://images.unsplash.com/photo-1484704849700-f032a568e944,精选优质材料，精细工艺，匠心打造，品质生活之选！
香奈儿N°5淡香水,美妆护肤,1067,https://images.unsplash.com/photo-1505740420928-5e560c06d30e,热销爆款，好评如潮，品质保证，值得信赖！
星巴克咖啡豆中度烘焙,食品饮料,736,https://images.unsplash.com/photo-1484704849700-f032a568e944,正品行货，原厂直销，质量上乘，性价比高！
Lululemon瑜伽垫,服饰鞋包,1311,https://images.unsplash.com/photo-1485968579168-82ca61346455,热销爆款，好评如潮，品质保证，值得信赖！
速比涛游泳装备全套,运动户外,568,https://images.unsplash.com/photo-1485968579168-82ca61346455,品质卓越，性能出色，深受用户喜爱，是您的理想选择！
良品铺子猪肉脯,食品饮料,106,https://images.unsplash.com/photo-1505740420928-5e560c06d30e,新品上市，限时优惠，正品保障，假一赔十，快来抢购！
耐克Air Jordan 1芝加哥限定,服饰鞋包,2182,https://images.unsplash.com/photo-1485968579168-82ca61346455,热销爆款，好评如潮，品质保证，值得信赖！
得力计算器财务用,图书文具,856,https://images.unsplash.com/photo-1485968579168-82ca61346455,新品上市，限时优惠，正品保障，假一赔十，快来抢购！
斯伯丁篮球NBA系列,运动户外,400,https://images.unsplash.com/photo-1485968579168-82ca61346455,品质卓越，性能出色，深受用户喜爱，是您的理想选择！
美赞臣蓝臻奶粉3段,母婴用品,407,https://images.unsplash.com/photo-1485968579168-82ca61346455,品质卓越，性能出色，深受用户喜爱，是您的理想选择！
小龙哈彼婴儿推车,母婴用品,619,https://images.unsplash.com/photo-1485968579168-82ca61346455,品质卓越，性能出色，深受用户喜爱，是您的理想选择！
兰蔻小黑瓶精华肌底液,美妆护肤,1063,https://images.unsplash.com/photo-1505740420928-5e560c06d30e,热销爆款，好评如潮，品质保证，值得信赖！
乐亲婴儿摇椅,母婴用品,123,https://images.unsplash.com/photo-1523275335684-37898b6baf30,品质卓越，性能出色，深受用户喜爱，是您的理想选择！
旺旺大礼包,食品饮料,859,https://images.unsplash.com/photo-1523275335684-37898b6baf30,正品行货，原厂直销，质量上乘，性价比高！
AirPods Pro 2代,数码产品,7020,https://images.unsplash.com/photo-1484704849700-f032a568e944,热销爆款，好评如潮，品质保证，值得信赖！
科沃斯擦窗机器人,家居生活,1927,https://images.unsplash.com/photo-1441986300917-64674bd600d8,新品上市，限时优惠，正品保障，假一赔十，快来抢购！
贝亲宽口径奶瓶,母婴用品,561,https://images.unsplash.com/photo-1441986300917-64674bd600d8,新品上市，限时优惠，正品保障，假一赔十，快来抢购！
美的电饭煲4L智能,家居生活,1748,https://images.unsplash.com/photo-1484704849700-f032a568e944,正品行货，原厂直销，质量上乘，性价比高！
小米14 Ultra 骁龙8 Gen3,数码产品,7304,https://images.unsplash.com/photo-1485968579168-82ca61346455,新品上市，限时优惠，正品保障，假一赔十，快来抢购！
速比涛游泳装备全套,运动户外,1845,https://images.unsplash.com/photo-1523275335684-37898b6baf30,正品行货，原厂直销，质量上乘，性价比高！
得力打印纸A4复印纸,图书文具,4711,https://images.unsplash.com/photo-1485968579168-82ca61346455,正品行货，原厂直销，质量上乘，性价比高！
雅诗兰黛小棕瓶眼霜,美妆护肤,633,https://images.unsplash.com/photo-1441986300917-64674bd600d8,品质卓越，性能出色，深受用户喜爱，是您的理想选择！
kindle Paperwhite电子书,图书文具,3735,https://images.unsplash.com/photo-1484704849700-f032a568e944,精选优质材料，精细工艺，匠心打造，品质生活之选！
戴森V15吸尘器,家居生活,2747,https://images.unsplash.com/photo-1523275335684-37898b6baf30,热销爆款，好评如潮，品质保证，值得信赖！
明朝那些事儿当年明月,图书文具,3821,https://images.unsplash.com/photo-1505740420928-5e560c06d30e,热销爆款，好评如潮，品质保证，值得信赖！
百草味牛肉干,食品饮料,465,https://images.unsplash.com/photo-1505740420928-5e560c06d30e,精选优质材料，精细工艺，匠心打造，品质生活之选！
小米14 Ultra 骁龙8 Gen3,数码产品,1018,https://images.unsplash.com/photo-1484704849700-f032a568e944,品质卓越，性能出色，深受用户喜爱，是您的理想选择！
美的电饭煲4L智能,家居生活,1780,https://images.unsplash.com/photo-1505740420928-5e560c06d30e,品质卓越，性能出色，深受用户喜爱，是您的理想选择！
星巴克咖啡豆中度烘焙,食品饮料,302,https://images.unsplash.com/photo-1441986300917-64674bd600d8,热销爆款，好评如潮，品质保证，值得信赖！
AirPods Pro 2代,数码产品,2661,https://images.unsplash.com/photo-1523275335684-37898b6baf30,新品上市，限时优惠，正品保障，假一赔十，快来抢购！
迪卡侬瑜伽垫防滑健身垫,运动户外,586,https://images.unsplash.com/photo-1523275335684-37898b6baf30,品质卓越，性能出色，深受用户喜爱，是您的理想选择！
三只松鼠每日坚果,食品饮料,711,https://images.unsplash.com/photo-1523275335684-37898b6baf30,正品行货，原厂直销，质量上乘，性价比高！
晨光铅笔HB小学生,图书文具,2349,https://images.unsplash.com/photo-1484704849700-f032a568e944,热销爆款，好评如潮，品质保证，值得信赖！
得力文件资料册A4,图书文具,957,https://images.unsplash.com/photo-1505740420928-5e560c06d30e,热销爆款，好评如潮，品质保证，值得信赖！
安踏KT7篮球鞋,服饰鞋包,2830,https://images.unsplash.com/photo-1523275335684-37898b6baf30,精选优质材料，精细工艺，匠心打造，品质生活之选！
飞利浦电动牙刷HX9352,家居生活,261,https://images.unsplash.com/photo-1485968579168-82ca61346455,新品上市，限时优惠，正品保障，假一赔十，快来抢购！
戴森V15吸尘器,家居生活,1425,https://images.unsplash.com/photo-1523275335684-37898b6baf30,新品上市，限时优惠，正品保障，假一赔十，快来抢购！
帮宝适绿帮纸尿裤XL码,母婴用品,819,https://images.unsplash.com/photo-1523275335684-37898b6baf30,品质卓越，性能出色，深受用户喜爱，是您的理想选择！
水星家纺四件套,家居生活,298,https://images.unsplash.com/photo-1523275335684-37898b6baf30,热销爆款，好评如潮，品质保证，值得信赖！
资生堂红腰子精华,美妆护肤,944,https://images.unsplash.com/photo-1441986300917-64674bd600d8,热销爆款，好评如潮，品质保证，值得信赖！
Lululemon瑜伽垫,服饰鞋包,2142,https://images.unsplash.com/photo-1441986300917-64674bd600d8,品质卓越，性能出色，深受用户喜爱，是您的理想选择！
植村秀琥珀卸妆油,美妆护肤,690,https://images.unsplash.com/photo-1441986300917-64674bd600d8,正品行货，原厂直销，质量上乘，性价比高！
任天堂Switch OLED版,数码产品,3512,https://images.unsplash.com/photo-1485968579168-82ca61346455,正品行货，原厂直销，质量上乘，性价比高！
香奈儿N°5淡香水,美妆护肤,1733,https://images.unsplash.com/photo-1441986300917-64674bd600d8,新品上市，限时优惠，正品保障，假一赔十，快来抢购！
迪卡侬瑜伽垫防滑健身垫,运动户外,1616,https://images.unsplash.com/photo-1523275335684-37898b6baf30,正品行货，原厂直销，质量上乘，性价比高！
阿迪达斯NMD R1跑鞋,服饰鞋包,2874,https://images.unsplash.com/photo-1485968579168-82ca61346455,正品行货，原厂直销，质量上乘，性价比高！
索尼PS5游戏机光驱版,数码产品,6723,https://images.unsplash.com/photo-1505740420928-5e560c06d30e,热销爆款，好评如潮，品质保证，值得信赖！
AirPods Pro 2代,数码产品,8992,https://images.unsplash.com/photo-1441986300917-64674bd600d8,精选优质材料，精细工艺，匠心打造，品质生活之选！
迪卡侬自行车山地车,运动户外,723,https://images.unsplash.com/photo-1523275335684-37898b6baf30,热销爆款，好评如潮，品质保证，值得信赖！
MAC子弹头口红,美妆护肤,807,https://images.unsplash.com/photo-1485968579168-82ca61346455,新品上市，限时优惠，正品保障，假一赔十，快来抢购！
优衣库UNIQLO羽绒服,服饰鞋包,2427,https://images.unsplash.com/photo-1441986300917-64674bd600d8,品质卓越，性能出色，深受用户喜爱，是您的理想选择！
水星家纺四件套,家居生活,624,https://images.unsplash.com/photo-1485968579168-82ca61346455,精选优质材料，精细工艺，匠心打造，品质生活之选！
德芙巧克力礼盒装,食品饮料,461,https://images.unsplash.com/photo-1441986300917-64674bd600d8,新品上市，限时优惠，正品保障，假一赔十，快来抢购！
小米14 Ultra 骁龙8 Gen3,数码产品,5206,https://images.unsplash.com/photo-1441986300917-64674bd600d8,热销爆款，好评如潮，品质保证，值得信赖！
迪卡侬滑板成人,运动户外,692,https://images.unsplash.com/photo-1505740420928-5e560c06d30e,精选优质材料，精细工艺，匠心打造，品质生活之选！
三体全集刘慈欣科幻小说,图书文具,81,https://images.unsplash.com/photo-1484704849700-f032a568e944,正品行货，原厂直销，质量上乘，性价比高！
探路者冲锋衣男款,运动户外,192,https://images.unsplash.com/photo-1441986300917-64674bd600d8,精选优质材料，精细工艺，匠心打造，品质生活之选！
优衣库UNIQLO羽绒服,服饰鞋包,2478,https://images.unsplash.com/photo-1484704849700-f032a568e944,正品行货，原厂直销，质量上乘，性价比高！
三只松鼠每日坚果,食品饮料,994,https://images.unsplash.com/photo-1484704849700-f032a568e944,新品上市，限时优惠，正品保障，假一赔十，快来抢购！
Coach蔻驰单肩斜挎包,服饰鞋包,1382,https://images.unsplash.com/photo-1441986300917-64674bd600d8,新品上市，限时优惠，正品保障，假一赔十，快来抢购！
小龙哈彼婴儿推车,母婴用品,85,https://images.unsplash.com/photo-1441986300917-64674bd600d8,精选优质材料，精细工艺，匠心打造，品质生活之选！
三只松鼠每日坚果,食品饮料,351,https://images.unsplash.com/photo-1484704849700-f032a568e944,热销爆款，好评如潮，品质保证，值得信赖！
New Balance 574运动鞋,服饰鞋包,1238,https://images.unsplash.com/photo-1523275335684-37898b6baf30,精选优质材料，精细工艺，匠心打造，品质生活之选！
尼康Z7 II全画幅相机,数码产品,2572,https://images.unsplash.com/photo-1484704849700-f032a568e944,正品行货，原厂直销，质量上乘，性价比高！
良品铺子猪肉脯,食品饮料,634,https://images.unsplash.com/photo-1485968579168-82ca61346455,精选优质材料，精细工艺，匠心打造，品质生活之选！
星巴克咖啡豆中度烘焙,食品饮料,738,https://images.unsplash.com/photo-1523275335684-37898b6baf30,品质卓越，性能出色，深受用户喜爱，是您的理想选择！
恒源祥男士商务衬衫,服饰鞋包,1580,https://images.unsplash.com/photo-1485968579168-82ca61346455,正品行货，原厂直销，质量上乘，性价比高！
海蓝之谜精华面霜,美妆护肤,1942,https://images.unsplash.com/photo-1484704849700-f032a568e944,热销爆款，好评如潮，品质保证，值得信赖！
得力计算器财务用,图书文具,3143,https://images.unsplash.com/photo-1505740420928-5e560c06d30e,新品上市，限时优惠，正品保障，假一赔十，快来抢购！
全棉时代婴儿棉柔巾,母婴用品,451,https://images.unsplash.com/photo-1523275335684-37898b6baf30,新品上市，限时优惠，正品保障，假一赔十，快来抢购！
得力计算器财务用,图书文具,2999,https://images.unsplash.com/photo-1505740420928-5e560c06d30e,品质卓越，性能出色，深受用户喜爱，是您的理想选择！
美的电饭煲4L智能,家居生活,2625,https://images.unsplash.com/photo-1441986300917-64674bd600d8,正品行货，原厂直销，质量上乘，性价比高！
良品铺子猪肉脯,食品饮料,191,https://images.unsplash.com/photo-1505740420928-5e560c06d30e,新品上市，限时优惠，正品保障，假一赔十，快来抢购！
美的电饭煲4L智能,家居生活,1606,https://images.unsplash.com/photo-1485968579168-82ca61346455,热销爆款，好评如潮，品质保证，值得信赖！
Lululemon瑜伽垫,服饰鞋包,1620,https://images.unsplash.com/photo-1505740420928-5e560c06d30e,品质卓越，性能出色，深受用户喜爱，是您的理想选择！
任天堂Switch OLED版,数码产品,1299,https://images.unsplash.com/photo-1485968579168-82ca61346455,精选优质材料，精细工艺，匠心打造，品质生活之选！
斯伯丁篮球NBA系列,运动户外,1462,https://images.unsplash.com/photo-1441986300917-64674bd600d8,正品行货，原厂直销，质量上乘，性价比高！
九阳豆浆机家用,家居生活,1623,https://images.unsplash.com/photo-1441986300917-64674bd600d8,新品上市，限时优惠，正品保障，假一赔十，快来抢购！
德芙巧克力礼盒装,食品饮料,252,https://images.unsplash.com/photo-1441986300917-64674bd600d8,热销爆款，好评如潮，品质保证，值得信赖！
阿迪达斯NMD R1跑鞋,服饰鞋包,1442,https://images.unsplash.com/photo-1485968579168-82ca61346455,热销爆款，好评如潮，品质保证，值得信赖！
MAC子弹头口红,美妆护肤,1673,https://images.unsplash.com/photo-1485968579168-82ca61346455,热销爆款，好评如潮，品质保证，值得信赖！
宜家POÄNG波昂扶手椅,家居生活,847,https://images.unsplash.com/photo-1441986300917-64674bd600d8,正品行货，原厂直销，质量上乘，性价比高！
MAC子弹头口红,美妆护肤,1171,https://images.unsplash.com/photo-1484704849700-f032a568e944,热销爆款，好评如潮，品质保证，值得信赖！
慕思乳胶床垫,家居生活,2379,https://images.unsplash.com/photo-1441986300917-64674bd600d8,品质卓越，性能出色，深受用户喜爱，是您的理想选择！
兰蔻小黑瓶精华肌底液,美妆护肤,1054,https://images.unsplash.com/photo-1484704849700-f032a568e944,品质卓越，性能出色，深受用户喜爱，是您的理想选择！
得力打印纸A4复印纸,图书文具,2896,https://images.unsplash.com/photo-1485968579168-82ca61346455,品质卓越，性能出色，深受用户喜爱，是您的理想选择！
旺旺大礼包,食品饮料,41,https://images.unsplash.com/photo-1505740420928-5e560c06d30e,精选优质材料，精细工艺，匠心打造，品质生活之选！
雅诗兰黛小棕瓶眼霜,美妆护肤,231,https://images.unsplash.com/photo-1485968579168-82ca61346455,正品行货，原厂直销，质量上乘，性价比高！
美赞臣蓝臻奶粉3段,母婴用品,423,https://images.unsplash.com/photo-1523275335684-37898b6baf30,正品行货，原厂直销，质量上乘，性价比高！
阿迪达斯NMD R1跑鞋,服饰鞋包,391,https://images.unsplash.com/photo-1505740420928-5e560c06d30e,热销爆款，好评如潮，品质保证，值得信赖！
海蓝之谜精华面霜,美妆护肤,879,https://images.unsplash.com/photo-1441986300917-64674bd600d8,新品上市，限时优惠，正品保障，假一赔十，快来抢购！
乐亲婴儿摇椅,母婴用品,404,https://images.unsplash.com/photo-1484704849700-f032a568e944,新品上市，限时优惠，正品保障，假一赔十，快来抢购！
香奈儿N°5淡香水,美妆护肤,365,https://images.unsplash.com/photo-1485968579168-82ca61346455,正品行货，原厂直销，质量上乘，性价比高！
斯伯丁篮球NBA系列,运动户外,148,https://images.unsplash.com/photo-1485968579168-82ca61346455,新品上市，限时优惠，正品保障，假一赔十，快来抢购！
可优比婴儿床围栏,母婴用品,623,https://images.unsplash.com/photo-1523275335684-37898b6baf30,新品上市，限时优惠，正品保障，假一赔十，快来抢购！
kindle Paperwhite电子书,图书文具,247,https://images.unsplash.com/photo-1441986300917-64674bd600d8,新品上市，限时优惠，正品保障，假一赔十，快来抢购！
好奇铂金装纸尿裤,母婴用品,416,https://images.unsplash.com/photo-1505740420928-5e560c06d30e,新品上市，限时优惠，正品保障，假一赔十，快来抢购！
尼康Z7 II全画幅相机,数码产品,9038,https://images.unsplash.com/photo-1523275335684-37898b6baf30,正品行货，原厂直销，质量上乘，性价比高！
农夫山泉矿泉水24瓶,食品饮料,280,https://images.unsplash.com/photo-1441986300917-64674bd600d8,新品上市，限时优惠，正品保障，假一赔十，快来抢购！
尼康Z7 II全画幅相机,数码产品,6977,https://images.unsplash.com/photo-1523275335684-37898b6baf30,热销爆款，好评如潮，品质保证，值得信赖！
苹果iPhone 15 Pro Max 256GB 深空黑,数码产品,9616,https://images.unsplash.com/photo-1505740420928-5e560c06d30e,热销爆款，好评如潮，品质保证，值得信赖！
安踏KT7篮球鞋,服饰鞋包,2722,https://images.unsplash.com/photo-1523275335684-37898b6baf30,热销爆款，好评如潮，品质保证，值得信赖！
费雪学步车玩具,母婴用品,598,https://images.unsplash.com/photo-1441986300917-64674bd600d8,新品上市，限时优惠，正品保障，假一赔十，快来抢购！
戴森V15吸尘器,家居生活,482,https://images.unsplash.com/photo-1484704849700-f032a568e944,品质卓越，性能出色，深受用户喜爱，是您的理想选择！
小米扫地机器人扫拖一体,家居生活,2822,https://images.unsplash.com/photo-1485968579168-82ca61346455,新品上市，限时优惠，正品保障，假一赔十，快来抢购！
Keep健身器械家用,运动户外,855,https://images.unsplash.com/photo-1523275335684-37898b6baf30,新品上市，限时优惠，正品保障，假一赔十，快来抢购！
百草味牛肉干,食品饮料,21,https://images.unsplash.com/photo-1505740420928-5e560c06d30e,热销爆款，好评如潮，品质保证，值得信赖！
Coach蔻驰单肩斜挎包,服饰鞋包,79,https://images.unsplash.com/photo-1505740420928-5e560c06d30e,精选优质材料，精细工艺，匠心打造，品质生活之选！
三只松鼠坚果礼盒,食品饮料,545,https://images.unsplash.com/photo-1485968579168-82ca61346455,品质卓越，性能出色，深受用户喜爱，是您的理想选择！
晨光文具中性笔0.5mm,图书文具,1490,https://images.unsplash.com/photo-1484704849700-f032a568e944,品质卓越，性能出色，深受用户喜爱，是您的理想选择！
尼康Z7 II全画幅相机,数码产品,3406,https://images.unsplash.com/photo-1441986300917-64674bd600d8,新品上市，限时优惠，正品保障，假一赔十，快来抢购！
得力计算器财务用,图书文具,468,https://images.unsplash.com/photo-1485968579168-82ca61346455,精选优质材料，精细工艺，匠心打造，品质生活之选！
华为Mate 60 Pro 5G手机,数码产品,1513,https://images.unsplash.com/photo-1441986300917-64674bd600d8,正品行货，原厂直销，质量上乘，性价比高！
兰蔻小黑瓶精华肌底液,美妆护肤,1992,https://images.unsplash.com/photo-1484704849700-f032a568e944,精选优质材料，精细工艺，匠心打造，品质生活之选！
华为MatePad Pro平板电脑,图书文具,1597,https://images.unsplash.com/photo-1485968579168-82ca61346455,品质卓越，性能出色，深受用户喜爱，是您的理想选择！
资生堂红腰子精华,美妆护肤,694,https://images.unsplash.com/photo-1485968579168-82ca61346455,新品上市，限时优惠，正品保障，假一赔十，快来抢购！
New Balance 574运动鞋,服饰鞋包,615,https://images.unsplash.com/photo-1441986300917-64674bd600d8,新品上市，限时优惠，正品保障，假一赔十，快来抢购！
迪卡侬滑板成人,运动户外,348,https://images.unsplash.com/photo-1484704849700-f032a568e944,热销爆款，好评如潮，品质保证，值得信赖！
索尼WH-1000XM5降噪耳机,数码产品,1850,https://images.unsplash.com/photo-1441986300917-64674bd600d8,正品行货，原厂直销，质量上乘，性价比高！
旺旺大礼包,食品饮料,516,https://images.unsplash.com/photo-1505740420928-5e560c06d30e,热销爆款，好评如潮，品质保证，值得信赖！
速比涛游泳装备全套,运动户外,1807,https://images.unsplash.com/photo-1441986300917-64674bd600d8,新品上市，限时优惠，正品保障，假一赔十，快来抢购！
华为MatePad Pro平板电脑,图书文具,3590,https://images.unsplash.com/photo-1505740420928-5e560c06d30e,品质卓越，性能出色，深受用户喜爱，是您的理想选择！
植村秀琥珀卸妆油,美妆护肤,1204,https://images.unsplash.com/photo-1484704849700-f032a568e944,新品上市，限时优惠，正品保障，假一赔十，快来抢购！
奥利奥饼干巧克力味,食品饮料,477,https://images.unsplash.com/photo-1485968579168-82ca61346455,品质卓越，性能出色，深受用户喜爱，是您的理想选择！
恒源祥男士商务衬衫,服饰鞋包,610,https://images.unsplash.com/photo-1523275335684-37898b6baf30,新品上市，限时优惠，正品保障，假一赔十，快来抢购！
韩都衣舍连衣裙,服饰鞋包,314,https://images.unsplash.com/photo-1523275335684-37898b6baf30,精选优质材料，精细工艺，匠心打造，品质生活之选！
三只松鼠每日坚果,食品饮料,95,https://images.unsplash.com/photo-1485968579168-82ca61346455,品质卓越，性能出色，深受用户喜爱，是您的理想选择！
九阳豆浆机家用,家居生活,1856,https://images.unsplash.com/photo-1484704849700-f032a568e944,精选优质材料，精细工艺，匠心打造，品质生活之选！
海蓝之谜精华面霜,美妆护肤,1234,https://images.unsplash.com/photo-1441986300917-64674bd600d8,品质卓越，性能出色，深受用户喜爱，是您的理想选择！
牧高笛帐篷户外露营,运动户外,1975,https://images.unsplash.com/photo-1505740420928-5e560c06d30e,热销爆款，好评如潮，品质保证，值得信赖！
百草味牛肉干,食品饮料,511,https://images.unsplash.com/photo-1505740420928-5e560c06d30e,热销爆款，好评如潮，品质保证，值得信赖！
小龙哈彼婴儿推车,母婴用品,424,https://images.unsplash.com/photo-1441986300917-64674bd600d8,正品行货，原厂直销，质量上乘，性价比高！
美的电饭煲4L智能,家居生活,1172,https://images.unsplash.com/photo-1505740420928-5e560c06d30e,品质卓越，性能出色，深受用户喜爱，是您的理想选择！
资生堂红腰子精华,美妆护肤,813,https://images.unsplash.com/photo-1485968579168-82ca61346455,精选优质材料，精细工艺，匠心打造，品质生活之选！
优衣库UNIQLO羽绒服,服饰鞋包,702,https://images.unsplash.com/photo-1505740420928-5e560c06d30e,正品行货，原厂直销，质量上乘，性价比高！
阿迪达斯NMD R1跑鞋,服饰鞋包,1337,https://images.unsplash.com/photo-1485968579168-82ca61346455,精选优质材料，精细工艺，匠心打造，品质生活之选！
Keep健身器械家用,运动户外,260,https://images.unsplash.com/photo-1485968579168-82ca61346455,正品行货，原厂直销，质量上乘，性价比高！
可优比婴儿床围栏,母婴用品,436,https://images.unsplash.com/photo-1523275335684-37898b6baf30,热销爆款，好评如潮，品质保证，值得信赖！
李宁羽毛球拍单拍,运动户外,1333,https://images.unsplash.com/photo-1441986300917-64674bd600d8,正品行货，原厂直销，质量上乘，性价比高！
阿迪达斯NMD R1跑鞋,服饰鞋包,2017,https://images.unsplash.com/photo-1523275335684-37898b6baf30,精选优质材料，精细工艺，匠心打造，品质生活之选！
索尼WH-1000XM5降噪耳机,数码产品,8033,https://images.unsplash.com/photo-1484704849700-f032a568e944,品质卓越，性能出色，深受用户喜爱，是您的理想选择！
得力打印纸A4复印纸,图书文具,2931,https://images.unsplash.com/photo-1505740420928-5e560c06d30e,品质卓越，性能出色，深受用户喜爱，是您的理想选择！
良品铺子猪肉脯,食品饮料,695,https://images.unsplash.com/photo-1441986300917-64674bd600d8,品质卓越，性能出色，深受用户喜爱，是您的理想选择！
乐亲婴儿摇椅,母婴用品,728,https://images.unsplash.com/photo-1441986300917-64674bd600d8,热销爆款，好评如潮，品质保证，值得信赖！
水星家纺四件套,家居生活,2071,https://images.unsplash.com/photo-1484704849700-f032a568e944,品质卓越，性能出色，深受用户喜爱，是您的理想选择！
得力计算器财务用,图书文具,2827,https://images.unsplash.com/photo-1484704849700-f032a568e944,热销爆款，好评如潮，品质保证，值得信赖！
乐亲婴儿摇椅,母婴用品,71,https://images.unsplash.com/photo-1484704849700-f032a568e944,新品上市，限时优惠，正品保障，假一赔十，快来抢购！
阿迪达斯NMD R1跑鞋,服饰鞋包,2778,https://images.unsplash.com/photo-1505740420928-5e560c06d30e,热销爆款，好评如潮，品质保证，值得信赖！
乐亲婴儿摇椅,母婴用品,830,https://images.unsplash.com/photo-1523275335684-37898b6baf30,品质卓越，性能出色，深受用户喜爱，是您的理想选择！
海蓝之谜精华面霜,美妆护肤,1527,https://images.unsplash.com/photo-1505740420928-5e560c06d30e,新品上市，限时优惠，正品保障，假一赔十，快来抢购！
华为Mate 60 Pro 5G手机,数码产品,6050,https://images.unsplash.com/photo-1523275335684-37898b6baf30,品质卓越，性能出色，深受用户喜爱，是您的理想选择！
九阳豆浆机家用,家居生活,486,https://images.unsplash.com/photo-1523275335684-37898b6baf30,品质卓越，性能出色，深受用户喜爱，是您的理想选择！
宜家POÄNG波昂扶手椅,家居生活,1418,https://images.unsplash.com/photo-1505740420928-5e560c06d30e,正品行货，原厂直销，质量上乘，性价比高！
小米14 Ultra 骁龙8 Gen3,数码产品,9133,https://images.unsplash.com/photo-1485968579168-82ca61346455,品质卓越，性能出色，深受用户喜爱，是您的理想选择！
华为MatePad Pro平板电脑,图书文具,4357,https://images.unsplash.com/photo-1505740420928-5e560c06d30e,热销爆款，好评如潮，品质保证，值得信赖！
耐克Air Jordan 1芝加哥限定,服饰鞋包,2453,https://images.unsplash.com/photo-1485968579168-82ca61346455,热销爆款，好评如潮，品质保证，值得信赖！
三只松鼠每日坚果,食品饮料,208,https://images.unsplash.com/photo-1505740420928-5e560c06d30e,精选优质材料，精细工艺，匠心打造，品质生活之选！
科颜氏高保湿面霜,美妆护肤,879,https://images.unsplash.com/photo-1441986300917-64674bd600d8,精选优质材料，精细工艺，匠心打造，品质生活之选！
AirPods Pro 2代,数码产品,5971,https://images.unsplash.com/photo-1485968579168-82ca61346455,热销爆款，好评如潮，品质保证，值得信赖！
华为Mate 60 Pro 5G手机,数码产品,9079,https://images.unsplash.com/photo-1523275335684-37898b6baf30,热销爆款，好评如潮，品质保证，值得信赖！
德芙巧克力礼盒装,食品饮料,701,https://images.unsplash.com/photo-1441986300917-64674bd600d8,正品行货，原厂直销，质量上乘，性价比高！
华为Mate 60 Pro 5G手机,数码产品,5826,https://images.unsplash.com/photo-1441986300917-64674bd600d8,正品行货，原厂直销，质量上乘，性价比高！
三只松鼠每日坚果,食品饮料,523,https://images.unsplash.com/photo-1441986300917-64674bd600d8,正品行货，原厂直销，质量上乘，性价比高！
华为MatePad Pro平板电脑,图书文具,764,https://images.unsplash.com/photo-1484704849700-f032a568e944,精选优质材料，精细工艺，匠心打造，品质生活之选！
小龙哈彼婴儿推车,母婴用品,705,https://images.unsplash.com/photo-1523275335684-37898b6baf30,精选优质材料，精细工艺，匠心打造，品质生活之选！
宜家POÄNG波昂扶手椅,家居生活,202,https://images.unsplash.com/photo-1484704849700-f032a568e944,品质卓越，性能出色，深受用户喜爱，是您的理想选择！
骆驼登山鞋户外鞋,运动户外,1707,https://images.unsplash.com/photo-1484704849700-f032a568e944,精选优质材料，精细工艺，匠心打造，品质生活之选！
迪卡侬滑板成人,运动户外,444,https://images.unsplash.com/photo-1441986300917-64674bd600d8,精选优质材料，精细工艺，匠心打造，品质生活之选！
华为Mate 60 Pro 5G手机,数码产品,2618,https://images.unsplash.com/photo-1485968579168-82ca61346455,精选优质材料，精细工艺，匠心打造，品质生活之选！
得力计算器财务用,图书文具,2298,https://images.unsplash.com/photo-1484704849700-f032a568e944,精选优质材料，精细工艺，匠心打造，品质生活之选！
韩都衣舍连衣裙,服饰鞋包,2238,https://images.unsplash.com/photo-1441986300917-64674bd600d8,正品行货，原厂直销，质量上乘，性价比高！
迪卡侬自行车山地车,运动户外,810,https://images.unsplash.com/photo-1441986300917-64674bd600d8,精选优质材料，精细工艺，匠心打造，品质生活之选！
好奇铂金装纸尿裤,母婴用品,87,https://images.unsplash.com/photo-1505740420928-5e560c06d30e,正品行货，原厂直销，质量上乘，性价比高！
New Balance 574运动鞋,服饰鞋包,517,https://images.unsplash.com/photo-1505740420928-5e560c06d30e,新品上市，限时优惠，正品保障，假一赔十，快来抢购！
明朝那些事儿当年明月,图书文具,3564,https://images.unsplash.com/photo-1523275335684-37898b6baf30,新品上市，限时优惠，正品保障，假一赔十，快来抢购！
小米14 Ultra 骁龙8 Gen3,数码产品,9641,https://images.unsplash.com/photo-1485968579168-82ca61346455,品质卓越，性能出色，深受用户喜爱，是您的理想选择！
科沃斯擦窗机器人,家居生活,1962,https://images.unsplash.com/photo-1505740420928-5e560c06d30e,精选优质材料，精细工艺，匠心打造，品质生活之选！
SK-II神仙水精华液230ml,美妆护肤,1018,https://images.unsplash.com/photo-1505740420928-5e560c06d30e,热销爆款，好评如潮，品质保证，值得信赖！
三只松鼠坚果礼盒,食品饮料,612,https://images.unsplash.com/photo-1484704849700-f032a568e944,热销爆款，好评如潮，品质保证，值得信赖！
好奇铂金装纸尿裤,母婴用品,724,https://images.unsplash.com/photo-1441986300917-64674bd600d8,品质卓越，性能出色，深受用户喜爱，是您的理想选择！
飞利浦电动牙刷HX9352,家居生活,2830,https://images.unsplash.com/photo-1505740420928-5e560c06d30e,热销爆款，好评如潮，品质保证，值得信赖！
耐克Air Jordan 1芝加哥限定,服饰鞋包,2290,https://images.unsplash.com/photo-1485968579168-82ca61346455,热销爆款，好评如潮，品质保证，值得信赖！
三只松鼠坚果礼盒,食品饮料,859,https://images.unsplash.com/photo-1523275335684-37898b6baf30,品质卓越，性能出色，深受用户喜爱，是您的理想选择！
MacBook Pro 14英寸,数码产品,1911,https://images.unsplash.com/photo-1523275335684-37898b6baf30,新品上市，限时优惠，正品保障，假一赔十，快来抢购！
贝亲宽口径奶瓶,母婴用品,509,https://images.unsplash.com/photo-1505740420928-5e560c06d30e,品质卓越，性能出色，深受用户喜爱，是您的理想选择！
尼康Z7 II全画幅相机,数码产品,3868,https://images.unsplash.com/photo-1485968579168-82ca61346455,新品上市，限时优惠，正品保障，假一赔十，快来抢购！
科沃斯擦窗机器人,家居生活,1957,https://images.unsplash.com/photo-1441986300917-64674bd600d8,新品上市，限时优惠，正品保障，假一赔十，快来抢购！
小米扫地机器人扫拖一体,家居生活,2679,https://images.unsplash.com/photo-1441986300917-64674bd600d8,正品行货，原厂直销，质量上乘，性价比高！
索尼WH-1000XM5降噪耳机,数码产品,5721,https://images.unsplash.com/photo-1523275335684-37898b6baf30,新品上市，限时优惠，正品保障，假一赔十，快来抢购！
AirPods Pro 2代,数码产品,4431,https://images.unsplash.com/photo-1505740420928-5e560c06d30e,热销爆款，好评如潮，品质保证，值得信赖！
九阳豆浆机家用,家居生活,2299,https://images.unsplash.com/photo-1505740420928-5e560c06d30e,精选优质材料，精细工艺，匠心打造，品质生活之选！
科沃斯擦窗机器人,家居生活,1689,https://images.unsplash.com/photo-1485968579168-82ca61346455,精选优质材料，精细工艺，匠心打造，品质生活之选！
九阳豆浆机家用,家居生活,767,https://images.unsplash.com/photo-1523275335684-37898b6baf30,新品上市，限时优惠，正品保障，假一赔十，快来抢购！
斯伯丁篮球NBA系列,运动户外,1660,https://images.unsplash.com/photo-1441986300917-64674bd600d8,正品行货，原厂直销，质量上乘，性价比高！
尼康Z7 II全画幅相机,数码产品,4342,https://images.unsplash.com/photo-1485968579168-82ca61346455,精选优质材料，精细工艺，匠心打造，品质生活之选！
雅诗兰黛小棕瓶眼霜,美妆护肤,199,https://images.unsplash.com/photo-1505740420928-5e560c06d30e,新品上市，限时优惠，正品保障，假一赔十，快来抢购！
帮宝适绿帮纸尿裤XL码,母婴用品,614,https://images.unsplash.com/photo-1485968579168-82ca61346455,品质卓越，性能出色，深受用户喜爱，是您的理想选择！
韩都衣舍连衣裙,服饰鞋包,2485,https://images.unsplash.com/photo-1523275335684-37898b6baf30,新品上市，限时优惠，正品保障，假一赔十，快来抢购！
明朝那些事儿当年明月,图书文具,4045,https://images.unsplash.com/photo-1505740420928-5e560c06d30e,正品行货，原厂直销，质量上乘，性价比高！
香奈儿N°5淡香水,美妆护肤,566,https://images.unsplash.com/photo-1523275335684-37898b6baf30,精选优质材料，精细工艺，匠心打造，品质生活之选！
晨光文具中性笔0.5mm,图书文具,4763,https://images.unsplash.com/photo-1505740420928-5e560c06d30e,精选优质材料，精细工艺，匠心打造，品质生活之选！
三只松鼠坚果礼盒,食品饮料,451,https://images.unsplash.com/photo-1485968579168-82ca61346455,热销爆款，好评如潮，品质保证，值得信赖！
李宁羽毛球拍单拍,运动户外,696,https://images.unsplash.com/photo-1441986300917-64674bd600d8,精选优质材料，精细工艺，匠心打造，品质生活之选！
OLAY小白瓶精华液,美妆护肤,501,https://images.unsplash.com/photo-1505740420928-5e560c06d30e,品质卓越，性能出色，深受用户喜爱，是您的理想选择！
OLAY小白瓶精华液,美妆护肤,577,https://images.unsplash.com/photo-1484704849700-f032a568e944,正品行货，原厂直销，质量上乘，性价比高！
MacBook Pro 14英寸,数码产品,2899,https://images.unsplash.com/photo-1441986300917-64674bd600d8,精选优质材料，精细工艺，匠心打造，品质生活之选！
阿迪达斯NMD R1跑鞋,服饰鞋包,2603,https://images.unsplash.com/photo-1523275335684-37898b6baf30,新品上市，限时优惠，正品保障，假一赔十，快来抢购！
雅诗兰黛小棕瓶眼霜,美妆护肤,219,https://images.unsplash.com/photo-1505740420928-5e560c06d30e,热销爆款，好评如潮，品质保证，值得信赖！
苹果iPhone 15 Pro Max 256GB 深空黑,数码产品,8213,https://images.unsplash.com/photo-1441986300917-64674bd600d8,精选优质材料，精细工艺，匠心打造，品质生活之选！
美的电饭煲4L智能,家居生活,761,https://images.unsplash.com/photo-1505740420928-5e560c06d30e,正品行货，原厂直销，质量上乘，性价比高！
科沃斯擦窗机器人,家居生活,463,https://images.unsplash.com/photo-1505740420928-5e560c06d30e,热销爆款，好评如潮，品质保证，值得信赖！
飞利浦电动牙刷HX9352,家居生活,949,https://images.unsplash.com/photo-1505740420928-5e560c06d30e,精选优质材料，精细工艺，匠心打造，品质生活之选！
飞利浦电动牙刷HX9352,家居生活,1053,https://images.unsplash.com/photo-1523275335684-37898b6baf30,正品行货，原厂直销，质量上乘，性价比高！
可优比婴儿床围栏,母婴用品,414,https://images.unsplash.com/photo-1441986300917-64674bd600d8,热销爆款，好评如潮，品质保证，值得信赖！
华为Mate 60 Pro 5G手机,数码产品,3269,https://images.unsplash.com/photo-1485968579168-82ca61346455,热销爆款，好评如潮，品质保证，值得信赖！
恒源祥男士商务衬衫,服饰鞋包,2785,https://images.unsplash.com/photo-1485968579168-82ca61346455,品质卓越，性能出色，深受用户喜爱，是您的理想选择！
迪卡侬瑜伽垫防滑健身垫,运动户外,1806,https://images.unsplash.com/photo-1523275335684-37898b6baf30,品质卓越，性能出色，深受用户喜爱，是您的理想选择！
华为Mate 60 Pro 5G手机,数码产品,6702,https://images.unsplash.com/photo-1485968579168-82ca61346455,热销爆款，好评如潮，品质保证，值得信赖！
好奇铂金装纸尿裤,母婴用品,588,https://images.unsplash.com/photo-1485968579168-82ca61346455,品质卓越，性能出色，深受用户喜爱，是您的理想选择！
三体全集刘慈欣科幻小说,图书文具,2820,https://images.unsplash.com/photo-1505740420928-5e560c06d30e,精选优质材料，精细工艺，匠心打造，品质生活之选！
阿迪达斯NMD R1跑鞋,服饰鞋包,1140,https://images.unsplash.com/photo-1441986300917-64674bd600d8,精选优质材料，精细工艺，匠心打造，品质生活之选！
尼康Z7 II全画幅相机,数码产品,5991,https://images.unsplash.com/photo-1523275335684-37898b6baf30,正品行货，原厂直销，质量上乘，性价比高！
奥利奥饼干巧克力味,食品饮料,478,https://images.unsplash.com/photo-1485968579168-82ca61346455,精选优质材料，精细工艺，匠心打造，品质生活之选！
AirPods Pro 2代,数码产品,7841,https://images.unsplash.com/photo-1523275335684-37898b6baf30,正品行货，原厂直销，质量上乘，性价比高！
安踏KT7篮球鞋,服饰鞋包,326,https://images.unsplash.com/photo-1441986300917-64674bd600d8,品质卓越，性能出色，深受用户喜爱，是您的理想选择！
乐亲婴儿摇椅,母婴用品,321,https://images.unsplash.com/photo-1523275335684-37898b6baf30,品质卓越，性能出色，深受用户喜爱，是您的理想选择！
安踏KT7篮球鞋,服饰鞋包,1635,https://images.unsplash.com/photo-1441986300917-64674bd600d8,正品行货，原厂直销，质量上乘，性价比高！
安踏KT7篮球鞋,服饰鞋包,179,https://images.unsplash.com/photo-1441986300917-64674bd600d8,精选优质材料，精细工艺，匠心打造，品质生活之选！
农夫山泉矿泉水24瓶,食品饮料,916,https://images.unsplash.com/photo-1505740420928-5e560c06d30e,精选优质材料，精细工艺，匠心打造，品质生活之选！
水星家纺四件套,家居生活,2531,https://images.unsplash.com/photo-1505740420928-5e560c06d30e,正品行货，原厂直销，质量上乘，性价比高！
慕思乳胶床垫,家居生活,2940,https://images.unsplash.com/photo-1505740420928-5e560c06d30e,热销爆款，好评如潮，品质保证，值得信赖！
费雪学步车玩具,母婴用品,113,https://images.unsplash.com/photo-1484704849700-f032a568e944,精选优质材料，精细工艺，匠心打造，品质生活之选！
百草味牛肉干,食品饮料,416,https://images.unsplash.com/photo-1505740420928-5e560c06d30e,正品行货，原厂直销，质量上乘，性价比高！
Coach蔻驰单肩斜挎包,服饰鞋包,2376,https://images.unsplash.com/photo-1484704849700-f032a568e944,新品上市，限时优惠，正品保障，假一赔十，快来抢购！
海蓝之谜精华面霜,美妆护肤,650,https://images.unsplash.com/photo-1523275335684-37898b6baf30,热销爆款，好评如潮，品质保证，值得信赖！
速比涛游泳装备全套,运动户外,1287,https://images.unsplash.com/photo-1441986300917-64674bd600d8,精选优质材料，精细工艺，匠心打造，品质生活之选！
兰蔻小黑瓶精华肌底液,美妆护肤,307,https://images.unsplash.com/photo-1523275335684-37898b6baf30,热销爆款，好评如潮，品质保证，值得信赖！
飞利浦电动牙刷HX9352,家居生活,2679,https://images.unsplash.com/photo-1441986300917-64674bd600d8,品质卓越，性能出色，深受用户喜爱，是您的理想选择！
三只松鼠坚果礼盒,食品饮料,140,https://images.unsplash.com/photo-1441986300917-64674bd600d8,新品上市，限时优惠，正品保障，假一赔十，快来抢购！
慕思乳胶床垫,家居生活,1175,https://images.unsplash.com/photo-1441986300917-64674bd600d8,品质卓越，性能出色，深受用户喜爱，是您的理想选择！
兰蔻小黑瓶精华肌底液,美妆护肤,625,https://images.unsplash.com/photo-1523275335684-37898b6baf30,精选优质材料，精细工艺，匠心打造，品质生活之选！
明朝那些事儿当年明月,图书文具,1181,https://images.unsplash.com/photo-1523275335684-37898b6baf30,精选优质材料，精细工艺，匠心打造，品质生活之选！
华为MatePad Pro平板电脑,图书文具,664,https://images.unsplash.com/photo-1523275335684-37898b6baf30,新品上市，限时优惠，正品保障，假一赔十，快来抢购！
迪卡侬瑜伽垫防滑健身垫,运动户外,1046,https://images.unsplash.com/photo-1523275335684-37898b6baf30,热销爆款，好评如潮，品质保证，值得信赖！
美赞臣蓝臻奶粉2段,母婴用品,83,https://images.unsplash.com/photo-1523275335684-37898b6baf30,精选优质材料，精细工艺，匠心打造，品质生活之选！
得力计算器财务用,图书文具,558,https://images.unsplash.com/photo-1523275335684-37898b6baf30,热销爆款，好评如潮，品质保证，值得信赖！
百草味牛肉干,食品饮料,713,https://images.unsplash.com/photo-1523275335684-37898b6baf30,正品行货，原厂直销，质量上乘，性价比高！
慕思乳胶床垫,家居生活,2845,https://images.unsplash.com/photo-1484704849700-f032a568e944,精选优质材料，精细工艺，匠心打造，品质生活之选！
华为MatePad Pro平板电脑,图书文具,2991,https://images.unsplash.com/photo-1484704849700-f032a568e944,精选优质材料，精细工艺，匠心打造，品质生活之选！
任天堂Switch OLED版,数码产品,2047,https://images.unsplash.com/photo-1505740420928-5e560c06d30e,正品行货，原厂直销，质量上乘，性价比高！
小米14 Ultra 骁龙8 Gen3,数码产品,8613,https://images.unsplash.com/photo-1505740420928-5e560c06d30e,正品行货，原厂直销，质量上乘，性价比高！
苏泊尔电压力锅,家居生活,350,https://images.unsplash.com/photo-1484704849700-f032a568e944,精选优质材料，精细工艺，匠心打造，品质生活之选！
戴森V15吸尘器,家居生活,1863,https://images.unsplash.com/photo-1523275335684-37898b6baf30,热销爆款，好评如潮，品质保证，值得信赖！
可口可乐330ml*24罐,食品饮料,839,https://images.unsplash.com/photo-1441986300917-64674bd600d8,热销爆款，好评如潮，品质保证，值得信赖！
可口可乐330ml*24罐,食品饮料,527,https://images.unsplash.com/photo-1523275335684-37898b6baf30,新品上市，限时优惠，正品保障，假一赔十，快来抢购！
苹果iPhone 15 Pro Max 256GB 深空黑,数码产品,7783,https://images.unsplash.com/photo-1484704849700-f032a568e944,品质卓越，性能出色，深受用户喜爱，是您的理想选择！
美赞臣蓝臻奶粉3段,母婴用品,128,https://images.unsplash.com/photo-1505740420928-5e560c06d30e,热销爆款，好评如潮，品质保证，值得信赖！
速比涛游泳装备全套,运动户外,222,https://images.unsplash.com/photo-1505740420928-5e560c06d30e,品质卓越，性能出色，深受用户喜爱，是您的理想选择！
贝亲宽口径奶瓶,母婴用品,717,https://images.unsplash.com/photo-1441986300917-64674bd600d8,新品上市，限时优惠，正品保障，假一赔十，快来抢购！
星巴克咖啡豆中度烘焙,食品饮料,567,https://images.unsplash.com/photo-1523275335684-37898b6baf30,热销爆款，好评如潮，品质保证，值得信赖！
星巴克咖啡豆中度烘焙,食品饮料,494,https://images.unsplash.com/photo-1484704849700-f032a568e944,正品行货，原厂直销，质量上乘，性价比高！
华为MatePad Pro平板电脑,图书文具,2624,https://images.unsplash.com/photo-1441986300917-64674bd600d8,新品上市，限时优惠，正品保障，假一赔十，快来抢购！
阿迪达斯NMD R1跑鞋,服饰鞋包,1258,https://images.unsplash.com/photo-1485968579168-82ca61346455,正品行货，原厂直销，质量上乘，性价比高！
奥利奥饼干巧克力味,食品饮料,490,https://images.unsplash.com/photo-1505740420928-5e560c06d30e,正品行货，原厂直销，质量上乘，性价比高！
香奈儿N°5淡香水,美妆护肤,825,https://images.unsplash.com/photo-1485968579168-82ca61346455,精选优质材料，精细工艺，匠心打造，品质生活之选！
华为Mate 60 Pro 5G手机,数码产品,7308,https://images.unsplash.com/photo-1484704849700-f032a568e944,热销爆款，好评如潮，品质保证，值得信赖！
良品铺子猪肉脯,食品饮料,640,https://images.unsplash.com/photo-1505740420928-5e560c06d30e,热销爆款，好评如潮，品质保证，值得信赖！
尼康Z7 II全画幅相机,数码产品,7630,https://images.unsplash.com/photo-1485968579168-82ca61346455,正品行货，原厂直销，质量上乘，性价比高！
飞利浦电动牙刷HX9352,家居生活,2739,https://images.unsplash.com/photo-1505740420928-5e560c06d30e,品质卓越，性能出色，深受用户喜爱，是您的理想选择！
科沃斯擦窗机器人,家居生活,1496,https://images.unsplash.com/photo-1523275335684-37898b6baf30,正品行货，原厂直销，质量上乘，性价比高！
迪卡侬瑜伽垫防滑健身垫,运动户外,1279,https://images.unsplash.com/photo-1523275335684-37898b6baf30,新品上市，限时优惠，正品保障，假一赔十，快来抢购！
奥利奥饼干巧克力味,食品饮料,299,https://images.unsplash.com/photo-1505740420928-5e560c06d30e,精选优质材料，精细工艺，匠心打造，品质生活之选！
兰蔻小黑瓶精华肌底液,美妆护肤,171,https://images.unsplash.com/photo-1484704849700-f032a568e944,精选优质材料，精细工艺，匠心打造，品质生活之选！
耐克Air Jordan 1芝加哥限定,服饰鞋包,821,https://images.unsplash.com/photo-1505740420928-5e560c06d30e,精选优质材料，精细工艺，匠心打造，品质生活之选！
三只松鼠每日坚果,食品饮料,681,https://images.unsplash.com/photo-1441986300917-64674bd600d8,热销爆款，好评如潮，品质保证，值得信赖！
农夫山泉矿泉水24瓶,食品饮料,940,https://images.unsplash.com/photo-1505740420928-5e560c06d30e,新品上市，限时优惠，正品保障，假一赔十，快来抢购！
小米14 Ultra 骁龙8 Gen3,数码产品,8148,https://images.unsplash.com/photo-1485968579168-82ca61346455,新品上市，限时优惠，正品保障，假一赔十，快来抢购！
斯伯丁篮球NBA系列,运动户外,1018,https://images.unsplash.com/photo-1505740420928-5e560c06d30e,正品行货，原厂直销，质量上乘，性价比高！
三体全集刘慈欣科幻小说,图书文具,2574,https://images.unsplash.com/photo-1505740420928-5e560c06d30e,精选优质材料，精细工艺，匠心打造，品质生活之选！
速比涛游泳装备全套,运动户外,189,https://images.unsplash.com/photo-1441986300917-64674bd600d8,品质卓越，性能出色，深受用户喜爱，是您的理想选择！
索尼PS5游戏机光驱版,数码产品,3418,https://images.unsplash.com/photo-1485968579168-82ca61346455,热销爆款，好评如潮，品质保证，值得信赖！
小米14 Ultra 骁龙8 Gen3,数码产品,5554,https://images.unsplash.com/photo-1484704849700-f032a568e944,热销爆款，好评如潮，品质保证，值得信赖！
kindle Paperwhite电子书,图书文具,2652,https://images.unsplash.com/photo-1505740420928-5e560c06d30e,精选优质材料，精细工艺，匠心打造，品质生活之选！
帮宝适绿帮纸尿裤XL码,母婴用品,101,https://images.unsplash.com/photo-1523275335684-37898b6baf30,品质卓越，性能出色，深受用户喜爱，是您的理想选择！
科沃斯擦窗机器人,家居生活,1412,https://images.unsplash.com/photo-1441986300917-64674bd600d8,正品行货，原厂直销，质量上乘，性价比高！
Lululemon瑜伽垫,服饰鞋包,1459,https://images.unsplash.com/photo-1485968579168-82ca61346455,品质卓越，性能出色，深受用户喜爱，是您的理想选择！
索尼PS5游戏机光驱版,数码产品,3292,https://images.unsplash.com/photo-1505740420928-5e560c06d30e,正品行货，原厂直销，质量上乘，性价比高！
得力计算器财务用,图书文具,1256,https://images.unsplash.com/photo-1523275335684-37898b6baf30,新品上市，限时优惠，正品保障，假一赔十，快来抢购！
明朝那些事儿当年明月,图书文具,2029,https://images.unsplash.com/photo-1485968579168-82ca61346455,品质卓越，性能出色，深受用户喜爱，是您的理想选择！
飞利浦电动牙刷HX9352,家居生活,997,https://images.unsplash.com/photo-1485968579168-82ca61346455,正品行货，原厂直销，质量上乘，性价比高！
探路者冲锋衣男款,运动户外,1173,https://images.unsplash.com/photo-1485968579168-82ca61346455,品质卓越，性能出色，深受用户喜爱，是您的理想选择！
晨光文具中性笔0.5mm,图书文具,1328,https://images.unsplash.com/photo-1441986300917-64674bd600d8,热销爆款，好评如潮，品质保证，值得信赖！
阿迪达斯NMD R1跑鞋,服饰鞋包,2562,https://images.unsplash.com/photo-1523275335684-37898b6baf30,新品上市，限时优惠，正品保障，假一赔十，快来抢购！
戴森V15吸尘器,家居生活,2525,https://images.unsplash.com/photo-1505740420928-5e560c06d30e,热销爆款，好评如潮，品质保证，值得信赖！
百草味牛肉干,食品饮料,896,https://images.unsplash.com/photo-1523275335684-37898b6baf30,品质卓越，性能出色，深受用户喜爱，是您的理想选择！
MAC子弹头口红,美妆护肤,664,https://images.unsplash.com/photo-1441986300917-64674bd600d8,品质卓越，性能出色，深受用户喜爱，是您的理想选择！
可优比婴儿床围栏,母婴用品,394,https://images.unsplash.com/photo-1485968579168-82ca61346455,热销爆款，好评如潮，品质保证，值得信赖！
三只松鼠每日坚果,食品饮料,76,https://images.unsplash.com/photo-1505740420928-5e560c06d30e,正品行货，原厂直销，质量上乘，性价比高！
晨光铅笔HB小学生,图书文具,1425,https://images.unsplash.com/photo-1484704849700-f032a568e944,热销爆款，好评如潮，品质保证，值得信赖！
韩都衣舍连衣裙,服饰鞋包,2931,https://images.unsplash.com/photo-1441986300917-64674bd600d8,精选优质材料，精细工艺，匠心打造，品质生活之选！
植村秀琥珀卸妆油,美妆护肤,783,https://images.unsplash.com/photo-1484704849700-f032a568e944,新品上市，限时优惠，正品保障，假一赔十，快来抢购！
科颜氏高保湿面霜,美妆护肤,249,https://images.unsplash.com/photo-1484704849700-f032a568e944,新品上市，限时优惠，正品保障，假一赔十，快来抢购！
晨光铅笔HB小学生,图书文具,3069,https://images.unsplash.com/photo-1484704849700-f032a568e944,新品上市，限时优惠，正品保障，假一赔十，快来抢购！
速比涛游泳装备全套,运动户外,588,https://images.unsplash.com/photo-1523275335684-37898b6baf30,新品上市，限时优惠，正品保障，假一赔十，快来抢购！
戴森V15吸尘器,家居生活,1748,https://images.unsplash.com/photo-1523275335684-37898b6baf30,正品行货，原厂直销，质量上乘，性价比高！
优衣库UNIQLO羽绒服,服饰鞋包,1311,https://images.unsplash.com/photo-1441986300917-64674bd600d8,精选优质材料，精细工艺，匠心打造，品质生活之选！
小米14 Ultra 骁龙8 Gen3,数码产品,8016,https://images.unsplash.com/photo-1485968579168-82ca61346455,正品行货，原厂直销，质量上乘，性价比高！
牧高笛帐篷户外露营,运动户外,864,https://images.unsplash.com/photo-1484704849700-f032a568e944,品质卓越，性能出色，深受用户喜爱，是您的理想选择！
晨光铅笔HB小学生,图书文具,1776,https://images.unsplash.com/photo-1484704849700-f032a568e944,品质卓越，性能出色，深受用户喜爱，是您的理想选择！
迪卡侬瑜伽垫防滑健身垫,运动户外,775,https://images.unsplash.com/photo-1485968579168-82ca61346455,新品上市，限时优惠，正品保障，假一赔十，快来抢购！
美的电饭煲4L智能,家居生活,2462,https://images.unsplash.com/photo-1523275335684-37898b6baf30,精选优质材料，精细工艺，匠心打造，品质生活之选！
晨光铅笔HB小学生,图书文具,1104,https://images.unsplash.com/photo-1441986300917-64674bd600d8,热销爆款，好评如潮，品质保证，值得信赖！
良品铺子猪肉脯,食品饮料,952,https://images.unsplash.com/photo-1505740420928-5e560c06d30e,新品上市，限时优惠，正品保障，假一赔十，快来抢购！
良品铺子猪肉脯,食品饮料,643,https://images.unsplash.com/photo-1485968579168-82ca61346455,精选优质材料，精细工艺，匠心打造，品质生活之选！
Lululemon瑜伽垫,服饰鞋包,2517,https://images.unsplash.com/photo-1485968579168-82ca61346455,热销爆款，好评如潮，品质保证，值得信赖！
美赞臣蓝臻奶粉3段,母婴用品,547,https://images.unsplash.com/photo-1485968579168-82ca61346455,品质卓越，性能出色，深受用户喜爱，是您的理想选择！
香奈儿N°5淡香水,美妆护肤,1064,https://images.unsplash.com/photo-1505740420928-5e560c06d30e,热销爆款，好评如潮，品质保证，值得信赖！
小龙哈彼婴儿推车,母婴用品,564,https://images.unsplash.com/photo-1484704849700-f032a568e944,新品上市，限时优惠，正品保障，假一赔十，快来抢购！
海蓝之谜精华面霜,美妆护肤,187,https://images.unsplash.com/photo-1441986300917-64674bd600d8,品质卓越，性能出色，深受用户喜爱，是您的理想选择！
飞利浦电动牙刷HX9352,家居生活,168,https://images.unsplash.com/photo-1523275335684-37898b6baf30,精选优质材料，精细工艺，匠心打造，品质生活之选！
